id,name,name_short,name_export,code,code
1,みずほ,ﾐｽﾞﾎ,みずほ銀行,1,0001
2,三菱ＵＦＪ,ﾐﾂﾋﾞｼﾕ-ｴﾌｼﾞｴｲ,三菱ＵＦＪ銀行,5,0005
3,三井住友,ﾐﾂｲｽﾐﾄﾓ,三井住友銀行,9,0009
4,りそな,ﾘｿﾅ,りそな銀行,10,0010
5,埼玉りそな,ｻｲﾀﾏﾘｿﾅ,埼玉りそな銀行,17,0017
6,PayPay,ﾍﾟｲﾍﾟｲ,PayPay銀行,33,0033
7,セブン,ｾﾌﾞﾝ,セブン銀行,34,0034
8,ソニー,ｿﾆ-,ソニー銀行,35,0035
9,楽天,ﾗｸﾃﾝ,楽天銀行,36,0036
10,住信ＳＢＩネット,ｽﾐｼﾝｴｽﾋﾞ-ｱｲﾈﾂﾄ,住信ＳＢＩネット銀行,38,0038
11,じぶん,ｼﾞﾌﾞﾝ,じぶん銀行,39,0039
12,イオン,ｲｵﾝ,イオン銀行,40,0040
13,大和ネクスト,ﾀﾞｲﾜﾈｸｽﾄ,大和ネクスト銀行,41,0041
14,北海道,ﾎﾂｶｲﾄﾞｳ,北海道銀行,116,0116
15,青森,ｱｵﾓﾘ,青森銀行,117,0117
16,みちのく,ﾐﾁﾉｸ,みちのく銀行,118,0118
17,秋田,ｱｷﾀ,秋田銀行,119,0119
18,北都,ﾎｸﾄ,北都銀行,120,0120
19,荘内,ｼﾖｳﾅｲ,荘内銀行,121,0121
20,山形,ﾔﾏｶﾞﾀ,山形銀行,122,0122
21,岩手,ｲﾜﾃ,岩手銀行,123,0123
22,東北,ﾄｳﾎｸ,東北銀行,124,0124
23,七十七,ｼﾁｼﾞﾕｳｼﾁ,七十七銀行,125,0125
24,東邦,ﾄｳﾎｳ,東邦銀行,126,0126
25,群馬,ｸﾞﾝﾏ,群馬銀行,128,0128
26,足利,ｱｼｶｶﾞ,足利銀行,129,0129
27,常陽,ｼﾞﾖｳﾖｳ,常陽銀行,130,0130
28,筑波,ﾂｸﾊﾞ,筑波銀行,131,0131
29,武蔵野,ﾑｻｼﾉ,武蔵野銀行,133,0133
30,千葉,ﾁﾊﾞ,千葉銀行,134,0134
31,千葉興業,ﾁﾊﾞｺｳｷﾞﾖｳ,千葉興業銀行,135,0135
32,きらぼし銀行,ｷﾗﾎﾞｼ,きらぼし銀行,137,0137
33,横浜,ﾖｺﾊﾏ,横浜銀行,138,0138
34,第四,ﾀﾞｲｼ,第四銀行,140,0140
35,北越,ﾎｸｴﾂ,北越銀行,141,0141
36,山梨中央,ﾔﾏﾅｼﾁﾕｳｵｳ,山梨中央銀行,142,0142
37,八十二,ﾊﾁｼﾞﾕｳﾆ,八十二銀行,143,0143
38,北陸,ﾎｸﾘｸ,北陸銀行,144,0144
39,富山,ﾄﾔﾏ,富山銀行,145,0145
40,北國,ﾎﾂｺｸ,北國銀行,146,0146
41,福井,ﾌｸｲ,福井銀行,147,0147
42,静岡,ｼｽﾞｵｶ,静岡銀行,149,0149
43,スルガ,ｽﾙｶﾞ,スルガ銀行,150,0150
44,清水,ｼﾐｽﾞ,清水銀行,151,0151
45,大垣共立,ｵｵｶﾞｷｷﾖｳﾘﾂ,大垣共立銀行,152,0152
46,十六,ｼﾞﾕｳﾛｸ,十六銀行,153,0153
47,三十三,ｻﾝｼﾞﾕｳｻﾝ,三十三銀行,154,0154
48,百五,ﾋﾔｸｺﾞ,百五銀行,155,0155
49,滋賀,ｼｶﾞ,滋賀銀行,157,0157
50,京都,ｷﾖｳﾄ,京都銀行,158,0158
51,関西みらい,ｶﾝｻｲﾐﾗｲ,関西みらい銀行,159,0159
52,池田泉州,ｲｹﾀﾞｾﾝｼﾕｳ,池田泉州銀行,161,0161
53,南都,ﾅﾝﾄ,南都銀行,162,0162
54,紀陽,ｷﾖｳ,紀陽銀行,163,0163
55,但馬,ﾀｼﾞﾏ,但馬銀行,164,0164
56,鳥取,ﾄﾂﾄﾘ,鳥取銀行,166,0166
57,山陰合同,ｻﾝｲﾝｺﾞｳﾄﾞｳ,山陰合同銀行,167,0167
58,中国,ﾁﾕｳｺﾞｸ,中国銀行,168,0168
59,広島,ﾋﾛｼﾏ,広島銀行,169,0169
60,山口,ﾔﾏｸﾞﾁ,山口銀行,170,0170
61,阿波,ｱﾜ,阿波銀行,172,0172
62,百十四,ﾋﾔｸｼﾞﾕｳｼ,百十四銀行,173,0173
63,伊予,ｲﾖ,伊予銀行,174,0174
64,四国,ｼｺｸ,四国銀行,175,0175
65,福岡,ﾌｸｵｶ,福岡銀行,177,0177
66,筑邦,ﾁｸﾎｳ,筑邦銀行,178,0178
67,佐賀,ｻｶﾞ,佐賀銀行,179,0179
68,十八,ｼﾞﾕｳﾊﾁ,十八銀行,180,0180
69,十八親和,ｼﾞﾕｳﾊﾁｼﾝﾜ,十八親和銀行,181,0181
70,肥後,ﾋｺﾞ,肥後銀行,182,0182
71,大分,ｵｵｲﾀ,大分銀行,183,0183
72,宮崎,ﾐﾔｻﾞｷ,宮崎銀行,184,0184
73,鹿児島,ｶｺﾞｼﾏ,鹿児島銀行,185,0185
74,琉球,ﾘﾕｳｷﾕｳ,琉球銀行,187,0187
75,沖縄,ｵｷﾅﾜ,沖縄銀行,188,0188
76,西日本シティ,ﾆｼﾆﾂﾎﾟﾝｼﾃｲ,西日本シティ銀行,190,0190
77,北九州,ｷﾀｷﾕｳｼﾕｳ,北九州銀行,191,0191
78,三菱ＵＦＪ信託,ﾐﾂﾋﾞｼUFJｼﾝﾀｸ,三菱ＵＦＪ信託銀行,288,0288
79,みずほ信託,ﾐｽﾞﾎｼﾝﾀｸ,みずほ信託銀行,289,0289
80,三井住友信託,ﾐﾂｲｽﾐﾄﾓｼﾝﾀｸ,三井住友信託銀行,294,0294
81,ニューヨークメロン信託,ﾆﾕ-ﾖ-ｸﾒﾛﾝｼﾝﾀｸ,ニューヨークメロン信託銀行,295,0295
82,日本マスタートラスト信託,ﾆﾎﾝﾏｽﾀ-ﾄﾗｽﾄｼﾝﾀｸ,日本マスタートラスト信託銀行,297,0297
83,ＳＭＢＣ信託,ｴｽｴﾑﾋﾞ-ｼ-ｼﾝﾀｸ,ＳＭＢＣ信託銀行,300,0300
84,野村信託,ﾉﾑﾗｼﾝﾀｸ,野村信託銀行,304,0304
85,オリックス,ｵﾘﾂｸｽ,オリックス銀行,307,0307
86,しんきん信託,ｼﾝｷﾝｼﾝﾀｸ,しんきん信託銀行,309,0309
87,ＧＭＯあおぞらネット銀行,ｼﾞｰｴﾑｵｰｱｵｿﾞﾗﾈﾂﾄ,ＧＭＯあおぞらネット銀行,310,0310
88,農中信託,ﾉｳﾁﾕｳｼﾝﾀｸ,農中信託銀行,311,0311
89,新生信託,ｼﾝｾｲｼﾝﾀｸ,新生信託銀行,320,0320
90,日証金信託,ﾆﾂｼﾖｳｷﾝｼﾝﾀｸ,日証金信託銀行,321,0321
91,新銀行東京,ｼﾝｷﾞﾝｺｳﾄｳｷﾖｳ,新銀行東京銀行,322,0322
92,日本トラスティ・サービス信託,ﾆﾎﾝﾄﾗｽﾃｲｻ-ﾋﾞｽｼﾝ,日本トラスティ・サービス信託銀行,324,0324
93,資産管理サービス信託,ｼｻﾝｶﾝﾘｻ-ﾋﾞｽｼﾝﾀｸ,資産管理サービス信託銀行,325,0325
94,SBI新生銀行,ｴｽﾋﾞ-ｱｲｼﾝｾｲ,SBI新生銀行,397,0397
95,あおぞら,ｱｵｿﾞﾗ,あおぞら銀行,398,0398
96,シティバンク,ｼﾃｲﾊﾞﾝｸ,シティバンク銀行,401,0401
97,ＪＰモルガン,ｼﾞｴ-ﾋﾟ-ﾓﾙｶﾞﾝ,ＪＰモルガン銀行,402,0402
98,アメリカ,ｱﾒﾘｶ,アメリカ銀行,403,0403
99,香港上海,ﾎﾝｺﾝｼﾔﾝﾊｲ,香港上海銀行,411,0411
100,スタンダードチャータード,ｽﾀﾝﾀﾞ-ﾄﾞﾁﾔ-ﾀ-ﾄﾞ,スタンダードチャータード銀行,413,0413
101,バークレイズ,ﾊﾞ-ｸﾚｲｽﾞ,バークレイズ銀行,414,0414
102,クレディ・アグリコル,ｸﾚﾃﾞｲ.ｱｸﾞﾘｺﾙ,クレディ・アグリコル銀行,421,0421
103,韓国外換,ｶﾝｺｸｶﾞｲｶﾝ,韓国外換銀行,423,0423
104,印度,ｲﾝﾄﾞ,印度銀行,424,0424
105,兆豊國際商業,ﾁﾖｳﾎｳｺｸｻｲｼﾖｳ,兆豊國際商業銀行,425,0425
106,バンコック,ﾊﾞﾝｺﾂｸ,バンコック銀行,426,0426
107,バンクネガラインドネシア,ﾊﾞﾝｸﾈｶﾞﾗｲﾝﾄﾞﾈｼｱ,バンクネガラインドネシア銀行,429,0429
108,ドイツ,ﾄﾞｲﾂ,ドイツ銀行,430,0430
109,ブラジル,ﾌﾞﾗｼﾞﾙ,ブラジル銀行,432,0432
110,ニューヨークメロン,ﾆﾕ-ﾖ-ｸﾒﾛﾝ,ニューヨークメロン銀行,442,0442
111,オーバーシー・チャイニーズ,ｵ-ﾊﾞ-ｼ-.ﾁﾔｲﾆ-ｽﾞ,オーバーシー・チャイニーズ銀行,444,0444
112,ユバフーアラブ・フランス連合,ﾕﾊﾞﾌ-ｱﾗﾌﾞ.ﾌﾗﾝｽﾚ,ユバフーアラブ・フランス連合銀行,456,0456
113,ポーティゴン・アーゲー,ﾎﾟ-ﾃｲｺﾞﾝ.ｱ-ｹﾞ-,ポーティゴン・アーゲー銀行,457,0457
114,ＤＢＳ,ﾃﾞｲ-ﾋﾞ-ｴｽ,ＤＢＳ銀行,458,0458
115,コメルツ,ｺﾒﾙﾂ,コメルツ銀行,461,0461
116,インドステイト,ｲﾝﾄﾞｽﾃｲﾄ,インドステイト銀行,468,0468
117,カナダロイヤル,ｶﾅﾀﾞﾛｲﾔﾙ,カナダロイヤル銀行,471,0471
118,ＳＢＪ,ｴｽﾋﾞ-ｼﾞｴ-,ＳＢＪ銀行,472,0472
119,ウリィ,ｳﾘｲ,ウリィ銀行,477,0477
120,ハナ,ﾊﾅ,ハナ銀行,480,0480
121,中國,ﾁﾕｳｺﾞｸ,中國銀行,489,0489
122,中小企業,ﾁﾕｳｼﾖｳｷｷﾞﾖｳ,中小企業銀行,498,0498
123,北洋,ﾎｸﾖｳ,北洋銀行,501,0501
124,きらやか,ｷﾗﾔｶ,きらやか銀行,508,0508
125,北日本,ｷﾀﾆﾂﾎﾟﾝ,北日本銀行,509,0509
126,仙台,ｾﾝﾀﾞｲ,仙台銀行,512,0512
127,福島,ﾌｸｼﾏ,福島銀行,513,0513
128,大東,ﾀﾞｲﾄｳ,大東銀行,514,0514
129,東和,ﾄｳﾜ,東和銀行,516,0516
130,栃木,ﾄﾁｷﾞ,栃木銀行,517,0517
131,京葉,ｹｲﾖｳ,京葉銀行,522,0522
132,東日本,ﾋｶﾞｼﾆﾂﾎﾟﾝ,東日本銀行,525,0525
133,東京スター,ﾄｳｷﾖｳｽﾀ-,東京スター銀行,526,0526
134,神奈川,ｶﾅｶﾞﾜ,神奈川銀行,530,0530
135,大光,ﾀｲｺｳ,大光銀行,532,0532
136,長野,ﾅｶﾞﾉ,長野銀行,533,0533
137,富山第一,ﾄﾔﾏﾀﾞｲｲﾁ,富山第一銀行,534,0534
138,福邦,ﾌｸﾎｳ,福邦銀行,537,0537
139,静岡中央,ｼｽﾞｵｶﾁﾕｳｵｳ,静岡中央銀行,538,0538
140,あいち,ｱｲﾁ,あいち銀行,542,0542
141,名古屋,ﾅｺﾞﾔ,名古屋銀行,543,0543
142,中京,ﾁﾕｳｷﾖｳ,中京銀行,544,0544
143,第三,ﾀﾞｲｻﾝ,第三銀行,546,0546
144,関西アーバン,ｶﾝｻｲｱ-ﾊﾞﾝ,関西アーバン銀行,554,0554
145,大正,ﾀｲｼﾖｳ,大正銀行,555,0555
146,みなと,ﾐﾅﾄ,みなと銀行,562,0562
147,島根,ｼﾏﾈ,島根銀行,565,0565
148,トマト,ﾄﾏﾄ,トマト銀行,566,0566
149,もみじ,ﾓﾐｼﾞ,もみじ銀行,569,0569
150,西京,ｻｲｷﾖｳ,西京銀行,570,0570
151,徳島大正,ﾄｸｼﾏ,徳島大正銀行,572,0572
152,香川,ｶｶﾞﾜ,香川銀行,573,0573
153,愛媛,ｴﾋﾒ,愛媛銀行,576,0576
154,高知,ｺｳﾁ,高知銀行,578,0578
155,福岡中央,ﾌｸｵｶﾁﾕｳｵｳ,福岡中央銀行,582,0582
156,佐賀共栄,ｻｶﾞｷﾖｳｴｲ,佐賀共栄銀行,583,0583
157,長崎,ﾅｶﾞｻｷ,長崎銀行,585,0585
158,熊本,ｸﾏﾓﾄ,熊本銀行,587,0587
159,豊和,ﾎｳﾜ,豊和銀行,590,0590
160,宮崎太陽,ﾐﾔｻﾞｷﾀｲﾖｳ,宮崎太陽銀行,591,0591
161,南日本,ﾐﾅﾐﾆﾂﾎﾟﾝ,南日本銀行,594,0594
162,沖縄海邦,ｵｷﾅﾜｶｲﾎｳ,沖縄海邦銀行,596,0596
163,八千代,ﾔﾁﾖ,八千代銀行,597,0597
164,韓国産業,ｶﾝｺｸｻﾝｷﾞﾖｳ,韓国産業銀行,603,0603
165,彰化商業,ｼﾖｳｶｼﾖｳｷﾞﾖｳ,彰化商業銀行,607,0607
166,ウェルズ・ファーゴ,ｳｴﾙｽﾞ.ﾌｱ-ｺﾞ,ウェルズ・ファーゴ銀行,608,0608
167,第一商業,ﾀﾞｲｲﾁｼﾖｳｷﾞﾖｳ,第一商業銀行,611,0611
168,台湾,ﾀｲﾜﾝ,台湾銀行,612,0612
169,交通,ｺｳﾂｳ,交通銀行,615,0615
170,メトロポリタン,ﾒﾄﾛﾎﾟﾘﾀﾝ,メトロポリタン銀行,616,0616
171,中国工商,ﾁﾕｳｺﾞｸｺｳｼﾖｳ,中国工商銀行,619,0619
172,中國信託商業,ﾁﾕｳｺﾞｸｼﾝﾀｸｼﾖｳｷﾞ,中國信託商業銀行,621,0621
173,インテーザ・サンパオロ,ｲﾝﾃ-ｻﾞ.ｻﾝﾊﾟｵﾛ,インテーザ・サンパオロ銀行,623,0623
174,国民（韓国）,ｺｸﾐﾝ,国民（韓国）銀行,624,0624
175,中国建設,ﾁﾕｳｺﾞｸｹﾝｾﾂ,中国建設銀行,625,0625
176,イタウ・ウニバンコ,ｲﾀｳ.ｳﾆﾊﾞﾝｺ,イタウ・ウニバンコ銀行,626,0626
177,フォルティス,ﾌｵﾙﾃｲｽ,フォルティス銀行,629,0629
178,中国農業,ﾁﾕｳｺﾞｸﾉｳｷﾞﾖｳ,中国農業銀行,630,0630
179,信金中央金庫,ｼﾝｷﾝﾁﾕｳｵｳｷﾝｺ,信金中央金庫銀行,1000,1000
180,札幌信金,ｻﾂﾎﾟﾛｼﾝｷﾝ,札幌信金,1001,1001
181,室蘭信金,ﾑﾛﾗﾝｼﾝｷﾝ,室蘭信金,1003,1003
182,空知信金,ｿﾗﾁｼﾝｷﾝ,空知信金,1004,1004
183,苫小牧信金,ﾄﾏｺﾏｲｼﾝｷﾝ,苫小牧信金,1006,1006
184,北門信金,ﾎｸﾓﾝｼﾝｷﾝ,北門信金,1008,1008
185,伊達信金,ﾀﾞﾃｼﾝｷﾝ,伊達信金,1009,1009
186,北空知信金,ｷﾀｿﾗﾁｼﾝｷﾝ,北空知信金,1010,1010
187,日高信金,ﾋﾀﾞｶｼﾝｷﾝ,日高信金,1011,1011
188,函館信金,ﾊｺﾀﾞﾃｼﾝｷﾝ,函館信金,1012,1012
189,渡島信金,ｵｼﾏｼﾝｷﾝ,渡島信金,1013,1013
190,江差信金,ｴｻｼｼﾝｷﾝ,江差信金,1014,1014
191,小樽信金,ｵﾀﾙｼﾝｷﾝ,小樽信金,1016,1016
192,北海信金,ﾎﾂｶｲｼﾝｷﾝ,北海信金,1018,1018
193,旭川信金,ｱｻﾋｶﾜｼﾝｷﾝ,旭川信金,1020,1020
194,稚内信金,ﾜﾂｶﾅｲｼﾝｷﾝ,稚内信金,1021,1021
195,留萌信金,ﾙﾓｲｼﾝｷﾝ,留萌信金,1022,1022
196,北星信金,ﾎｸｾｲｼﾝｷﾝ,北星信金,1024,1024
197,帯広信金,ｵﾋﾞﾋﾛｼﾝｷﾝ,帯広信金,1026,1026
198,釧路信金,ｸｼﾛｼﾝｷﾝ,釧路信金,1027,1027
199,大地みらい信金,ﾀﾞｲﾁﾐﾗｲｼﾝｷﾝ,大地みらい信金,1028,1028
200,北見信金,ｷﾀﾐｼﾝｷﾝ,北見信金,1030,1030
201,網走信金,ｱﾊﾞｼﾘｼﾝｷﾝ,網走信金,1031,1031
202,遠軽信金,ｴﾝｶﾞﾙｼﾝｷﾝ,遠軽信金,1033,1033
203,東奥信金,ﾄｳｵｳｼﾝｷﾝ,東奥信金,1104,1104
204,青い森信金,ｱｵｲﾓﾘｼﾝｷﾝ,青い森信金,1105,1105
205,秋田信金,ｱｷﾀｼﾝｷﾝ,秋田信金,1120,1120
206,羽後信金,ｳｺﾞｼﾝｷﾝ,羽後信金,1123,1123
207,山形信金,ﾔﾏｶﾞﾀｼﾝｷﾝ,山形信金,1140,1140
208,米沢信金,ﾖﾈｻﾞﾜｼﾝｷﾝ,米沢信金,1141,1141
209,鶴岡信金,ﾂﾙｵｶｼﾝｷﾝ,鶴岡信金,1142,1142
210,新庄信金,ｼﾝｼﾞﾖｳｼﾝｷﾝ,新庄信金,1143,1143
211,盛岡信金,ﾓﾘｵｶｼﾝｷﾝ,盛岡信金,1150,1150
212,宮古信金,ﾐﾔｺｼﾝｷﾝ,宮古信金,1152,1152
213,一関信金,ｲﾁﾉｾｷｼﾝｷﾝ,一関信金,1153,1153
214,北上信金,ｷﾀｶﾐｼﾝｷﾝ,北上信金,1154,1154
215,花巻信金,ﾊﾅﾏｷｼﾝｷﾝ,花巻信金,1155,1155
216,水沢信金,ﾐｽﾞｻﾜｼﾝｷﾝ,水沢信金,1156,1156
217,杜の都信金,ﾓﾘﾉﾐﾔｺｼﾝｷﾝ,杜の都信金,1170,1170
218,宮城第一信金,ﾐﾔｷﾞﾀﾞｲｲﾁｼﾝｷﾝ,宮城第一信金,1171,1171
219,石巻信金,ｲｼﾉﾏｷｼﾝｷﾝ,石巻信金,1172,1172
220,仙南信金,ｾﾝﾅﾝｼﾝｷﾝ,仙南信金,1174,1174
221,気仙沼信金,ｹｾﾝﾇﾏｼﾝｷﾝ,気仙沼信金,1175,1175
222,会津信金,ｱｲﾂﾞｼﾝｷﾝ,会津信金,1181,1181
223,郡山信金,ｺｵﾘﾔﾏｼﾝｷﾝ,郡山信金,1182,1182
224,白河信金,ｼﾗｶﾜｼﾝｷﾝ,白河信金,1184,1184
225,須賀川信金,ｽｶｶﾞﾜｼﾝｷﾝ,須賀川信金,1185,1185
226,ひまわり信金,ﾋﾏﾜﾘｼﾝｷﾝ,ひまわり信金,1186,1186
227,あぶくま信金,ｱﾌﾞｸﾏｼﾝｷﾝ,あぶくま信金,1188,1188
228,二本松信金,ﾆﾎﾝﾏﾂｼﾝｷﾝ,二本松信金,1189,1189
229,福島信金,ﾌｸｼﾏｼﾝｷﾝ,福島信金,1190,1190
230,高崎信金,ﾀｶｻｷｼﾝｷﾝ,高崎信金,1203,1203
231,桐生信金,ｷﾘﾕｳｼﾝｷﾝ,桐生信金,1204,1204
232,アイオー信金,ｱｲｵ-ｼﾝｷﾝ,アイオー信金,1206,1206
233,利根郡信金,ﾄﾈｸﾞﾝｼﾝｷﾝ,利根郡信金,1208,1208
234,館林信金,ﾀﾃﾊﾞﾔｼｼﾝｷﾝ,館林信金,1209,1209
235,北群馬信金,ｷﾀｸﾞﾝﾏｼﾝｷﾝ,北群馬信金,1210,1210
236,しののめ信金,ｼﾉﾉﾒｼﾝｷﾝ,しののめ信金,1211,1211
237,足利小山信金,ｱｼｶｶﾞｵﾔﾏｼﾝｷﾝ,足利小山信金,1221,1221
238,栃木信金,ﾄﾁｷﾞｼﾝｷﾝ,栃木信金,1222,1222
239,鹿沼相互信金,ｶﾇﾏｿｳｺﾞｼﾝｷﾝ,鹿沼相互信金,1223,1223
240,佐野信金,ｻﾉｼﾝｷﾝ,佐野信金,1224,1224
241,大田原信金,ｵｵﾀﾜﾗｼﾝｷﾝ,大田原信金,1225,1225
242,烏山信金,ｶﾗｽﾔﾏｼﾝｷﾝ,烏山信金,1227,1227
243,水戸信金,ﾐﾄｼﾝｷﾝ,水戸信金,1240,1240
244,結城信金,ﾕｳｷｼﾝｷﾝ,結城信金,1242,1242
245,埼玉縣信金,ｻｲﾀﾏｹﾝｼﾝｷﾝ,埼玉縣信金,1250,1250
246,川口信金,ｶﾜｸﾞﾁｼﾝｷﾝ,川口信金,1251,1251
247,青木信金,ｱｵｷｼﾝｷﾝ,青木信金,1252,1252
248,飯能信金,ﾊﾝﾉｳｼﾝｷﾝ,飯能信金,1253,1253
249,千葉信金,ﾁﾊﾞｼﾝｷﾝ,千葉信金,1260,1260
250,銚子信金,ﾁﾖｳｼｼﾝｷﾝ,銚子信金,1261,1261
251,東京ベイ信金,ﾄｳｷﾖｳﾍﾞｲｼﾝｷﾝ,東京ベイ信金,1262,1262
252,館山信金,ﾀﾃﾔﾏｼﾝｷﾝ,館山信金,1264,1264
253,佐原信金,ｻﾜﾗｼﾝｷﾝ,佐原信金,1267,1267
254,横浜信金,ﾖｺﾊﾏｼﾝｷﾝ,横浜信金,1280,1280
255,かながわ信金,ｶﾅｶﾞﾜｼﾝｷﾝ,かながわ信金,1281,1281
256,湘南信金,ｼﾖｳﾅﾝｼﾝｷﾝ,湘南信金,1282,1282
257,川崎信金,ｶﾜｻｷｼﾝｷﾝ,川崎信金,1283,1283
258,平塚信金,ﾋﾗﾂｶｼﾝｷﾝ,平塚信金,1286,1286
259,さがみ信金,ｻｶﾞﾐｼﾝｷﾝ,さがみ信金,1288,1288
260,中栄信金,ﾁﾕｳｴｲｼﾝｷﾝ,中栄信金,1289,1289
261,中南信金,ﾁﾕｳﾅﾝｼﾝｷﾝ,中南信金,1290,1290
262,朝日信金,ｱｻﾋｼﾝｷﾝ,朝日信金,1303,1303
263,興産信金,ｺｳｻﾝｼﾝｷﾝ,興産信金,1305,1305
264,さわやか信金,ｻﾜﾔｶｼﾝｷﾝ,さわやか信金,1310,1310
265,東京シティ信金,ﾄｳｷﾖｳｼﾃｲｼﾝｷﾝ,東京シティ信金,1311,1311
266,芝信金,ｼﾊﾞｼﾝｷﾝ,芝信金,1319,1319
267,東京東信金,ﾄｳｷﾖｳﾋｶﾞｼｼﾝｷﾝ,東京東信金,1320,1320
268,東栄信金,ﾄｳｴｲｼﾝｷﾝ,東栄信金,1321,1321
269,亀有信金,ｶﾒｱﾘｼﾝｷﾝ,亀有信金,1323,1323
270,小松川信金,ｺﾏﾂｶﾞﾜｼﾝｷﾝ,小松川信金,1326,1326
271,足立成和信金,ｱﾀﾞﾁｾｲﾜｼﾝｷﾝ,足立成和信金,1327,1327
272,東京三協信金,ﾄｳｷﾖｳｻﾝｷﾖｳｼﾝｷﾝ,東京三協信金,1333,1333
273,西京信金,ｻｲｷﾖｳｼﾝｷﾝ,西京信金,1336,1336
274,西武信金,ｾｲﾌﾞｼﾝｷﾝ,西武信金,1341,1341
275,城南信金,ｼﾞﾖｳﾅﾝｼﾝｷﾝ,城南信金,1344,1344
276,昭和信金,ｼﾖｳﾜｼﾝｷﾝ,昭和信金,1345,1345
277,目黒信金,ﾒｸﾞﾛｼﾝｷﾝ,目黒信金,1346,1346
278,世田谷信金,ｾﾀｶﾞﾔｼﾝｷﾝ,世田谷信金,1348,1348
279,東京信金,ﾄｳｷﾖｳｼﾝｷﾝ,東京信金,1349,1349
280,城北信金,ｼﾞﾖｳﾎｸｼﾝｷﾝ,城北信金,1351,1351
281,瀧野川信金,ﾀｷﾉｶﾞﾜｼﾝｷﾝ,瀧野川信金,1352,1352
282,巣鴨信金,ｽｶﾞﾓｼﾝｷﾝ,巣鴨信金,1356,1356
283,青梅信金,ｵｳﾒｼﾝｷﾝ,青梅信金,1358,1358
284,多摩信金,ﾀﾏｼﾝｷﾝ,多摩信金,1360,1360
285,新潟信金,ﾆｲｶﾞﾀｼﾝｷﾝ,新潟信金,1370,1370
286,長岡信金,ﾅｶﾞｵｶｼﾝｷﾝ,長岡信金,1371,1371
287,三条信金,ｻﾝｼﾞﾖｳｼﾝｷﾝ,三条信金,1373,1373
288,新発田信金,ｼﾊﾞﾀｼﾝｷﾝ,新発田信金,1374,1374
289,柏崎信金,ｶｼﾜｻﾞｷｼﾝｷﾝ,柏崎信金,1375,1375
290,上越信金,ｼﾞﾖｳｴﾂｼﾝｷﾝ,上越信金,1376,1376
291,新井信金,ｱﾗｲｼﾝｷﾝ,新井信金,1377,1377
292,村上信金,ﾑﾗｶﾐｼﾝｷﾝ,村上信金,1379,1379
293,加茂信金,ｶﾓｼﾝｷﾝ,加茂信金,1380,1380
294,甲府信金,ｺｳﾌｼﾝｷﾝ,甲府信金,1385,1385
295,山梨信金,ﾔﾏﾅｼｼﾝｷﾝ,山梨信金,1386,1386
296,長野信金,ﾅｶﾞﾉｼﾝｷﾝ,長野信金,1390,1390
297,松本信金,ﾏﾂﾓﾄｼﾝｷﾝ,松本信金,1391,1391
298,上田信金,ｳｴﾀﾞｼﾝｷﾝ,上田信金,1392,1392
299,諏訪信金,ｽﾜｼﾝｷﾝ,諏訪信金,1393,1393
300,飯田信金,ｲｲﾀﾞｼﾝｷﾝ,飯田信金,1394,1394
301,アルプス中央信金,ｱﾙﾌﾟｽﾁﾕｳｵｳｼﾝｷﾝ,アルプス中央信金,1396,1396
302,富山信金,ﾄﾔﾏｼﾝｷﾝ,富山信金,1401,1401
303,高岡信金,ﾀｶｵｶｼﾝｷﾝ,高岡信金,1402,1402
304,新湊信金,ｼﾝﾐﾅﾄｼﾝｷﾝ,新湊信金,1404,1404
305,にいかわ信金,ﾆｲｶﾜｼﾝｷﾝ,にいかわ信金,1405,1405
306,氷見伏木信金,ﾋﾐﾌｼｷｼﾝｷﾝ,氷見伏木信金,1406,1406
307,砺波信金,ﾄﾅﾐｼﾝｷﾝ,砺波信金,1412,1412
308,石動信金,ｲｽﾙｷﾞｼﾝｷﾝ,石動信金,1413,1413
309,金沢信金,ｶﾅｻﾞﾜｼﾝｷﾝ,金沢信金,1440,1440
310,のと共栄信金,ﾉﾄｷﾖｳｴｲｼﾝｷﾝ,のと共栄信金,1442,1442
311,北陸信金,ﾎｸﾘｸｼﾝｷﾝ,北陸信金,1444,1444
312,鶴来信金,ﾂﾙｷﾞｼﾝｷﾝ,鶴来信金,1445,1445
313,興能信金,ｺｳﾉｳｼﾝｷﾝ,興能信金,1448,1448
314,福井信金,ﾌｸｲｼﾝｷﾝ,福井信金,1470,1470
315,敦賀信金,ﾂﾙｶﾞｼﾝｷﾝ,敦賀信金,1471,1471
316,武生信金,ﾀｹﾌｼﾝｷﾝ,武生信金,1472,1472
317,小浜信金,ｵﾊﾞﾏｼﾝｷﾝ,小浜信金,1473,1473
318,越前信金,ｴﾁｾﾞﾝｼﾝｷﾝ,越前信金,1475,1475
319,静岡信金,ｼｽﾞｵｶｼﾝｷﾝ,静岡信金,1501,1501
320,静清信金,ｾｲｼﾝｼﾝｷﾝ,静清信金,1502,1502
321,浜松信金,ﾊﾏﾏﾂｼﾝｷﾝ,浜松信金,1503,1503
322,沼津信金,ﾇﾏﾂﾞｼﾝｷﾝ,沼津信金,1505,1505
323,三島信金,ﾐｼﾏｼﾝｷﾝ,三島信金,1506,1506
324,富士宮信金,ﾌｼﾞﾉﾐﾔｼﾝｷﾝ,富士宮信金,1507,1507
325,島田信金,ｼﾏﾀﾞｼﾝｷﾝ,島田信金,1509,1509
326,磐田信金,ｲﾜﾀｼﾝｷﾝ,磐田信金,1511,1511
327,焼津信金,ﾔｲﾂﾞｼﾝｷﾝ,焼津信金,1512,1512
328,掛川信金,ｶｹｶﾞﾜｼﾝｷﾝ,掛川信金,1513,1513
329,富士信金,ﾌｼﾞｼﾝｷﾝ,富士信金,1515,1515
330,遠州信金,ｴﾝｼﾕｳｼﾝｷﾝ,遠州信金,1517,1517
331,岐阜信金,ｷﾞﾌｼﾝｷﾝ,岐阜信金,1530,1530
332,大垣信金,ｵｵｶﾞｷｼﾝｷﾝ,大垣信金,1531,1531
333,高山信金,ﾀｶﾔﾏｼﾝｷﾝ,高山信金,1532,1532
334,東濃信金,ﾄｳﾉｳｼﾝｷﾝ,東濃信金,1533,1533
335,関信金,ｾｷｼﾝｷﾝ,関信金,1534,1534
336,八幡信金,ﾊﾁﾏﾝｼﾝｷﾝ,八幡信金,1538,1538
337,西濃信金,ｾｲﾉｳｼﾝｷﾝ,西濃信金,1540,1540
338,愛知信金,ｱｲﾁｼﾝｷﾝ,愛知信金,1550,1550
339,豊橋信金,ﾄﾖﾊｼｼﾝｷﾝ,豊橋信金,1551,1551
340,岡崎信金,ｵｶｻﾞｷｼﾝｷﾝ,岡崎信金,1552,1552
341,いちい信金,ｲﾁｲｼﾝｷﾝ,いちい信金,1553,1553
342,瀬戸信金,ｾﾄｼﾝｷﾝ,瀬戸信金,1554,1554
343,半田信金,ﾊﾝﾀﾞｼﾝｷﾝ,半田信金,1555,1555
344,知多信金,ﾁﾀｼﾝｷﾝ,知多信金,1556,1556
345,豊川信金,ﾄﾖｶﾜｼﾝｷﾝ,豊川信金,1557,1557
346,豊田信金,ﾄﾖﾀｼﾝｷﾝ,豊田信金,1559,1559
347,碧海信金,ﾍｷｶｲｼﾝｷﾝ,碧海信金,1560,1560
348,西尾信金,ﾆｼｵｼﾝｷﾝ,西尾信金,1561,1561
349,蒲郡信金,ｶﾞﾏｺﾞｵﾘｼﾝｷﾝ,蒲郡信金,1562,1562
350,尾西信金,ﾋﾞｻｲｼﾝｷﾝ,尾西信金,1563,1563
351,中日信金,ﾁﾕｳﾆﾁｼﾝｷﾝ,中日信金,1565,1565
352,東春信金,ﾄｳｼﾕﾝｼﾝｷﾝ,東春信金,1566,1566
353,津信金,ﾂｼﾝｷﾝ,津信金,1580,1580
354,北伊勢上野信金,ｷﾀｲｾｳｴﾉｼﾝｷﾝ,北伊勢上野信金,1581,1581
355,三重信金,ﾐｴｼﾝｷﾝ,三重信金,1582,1582
356,桑名信金,ｸﾜﾅｼﾝｷﾝ,桑名信金,1583,1583
357,紀北信金,ｷﾎｸｼﾝｷﾝ,紀北信金,1585,1585
358,滋賀中央信金,ｼｶﾞﾁﾕｳｵｳｼﾝｷﾝ,滋賀中央信金,1602,1602
359,長浜信金,ﾅｶﾞﾊﾏｼﾝｷﾝ,長浜信金,1603,1603
360,湖東信金,ｺﾄｳｼﾝｷﾝ,湖東信金,1604,1604
361,京都信金,ｷﾖｳﾄｼﾝｷﾝ,京都信金,1610,1610
362,京都中央信金,ｷﾖｳﾄﾁﾕｳｵｳｼﾝｷﾝ,京都中央信金,1611,1611
363,京都北都信金,ｷﾖｳﾄﾎｸﾄｼﾝｷﾝ,京都北都信金,1620,1620
364,大阪信金,ｵｵｻｶｼﾝｷﾝ,大阪信金,1630,1630
365,大阪厚生信金,ｵｵｻｶｺｳｾｲｼﾝｷﾝ,大阪厚生信金,1633,1633
366,大阪シティ信金,ｵｵｻｶｼﾃｲｼﾝｷﾝ,大阪シティ信金,1635,1635
367,大阪商工信金,ｵｵｻｶｼﾖｳｺｳｼﾝｷﾝ,大阪商工信金,1636,1636
368,永和信金,ｴｲﾜｼﾝｷﾝ,永和信金,1643,1643
369,北おおさか信金,ｷﾀｵｵｻｶｼﾝｷﾝ,北おおさか信金,1645,1645
370,枚方信金,ﾋﾗｶﾀｼﾝｷﾝ,枚方信金,1656,1656
371,奈良信金,ﾅﾗｼﾝｷﾝ,奈良信金,1666,1666
372,大和信金,ﾔﾏﾄｼﾝｷﾝ,大和信金,1667,1667
373,奈良中央信金,ﾅﾗﾁﾕｳｵｳｼﾝｷﾝ,奈良中央信金,1668,1668
374,新宮信金,ｼﾝｸﾞｳｼﾝｷﾝ,新宮信金,1671,1671
375,きのくに信金,ｷﾉｸﾆｼﾝｷﾝ,きのくに信金,1674,1674
376,神戸信金,ｺｳﾍﾞｼﾝｷﾝ,神戸信金,1680,1680
377,姫路信金,ﾋﾒｼﾞｼﾝｷﾝ,姫路信金,1685,1685
378,播州信金,ﾊﾞﾝｼﾕｳｼﾝｷﾝ,播州信金,1686,1686
379,兵庫信金,ﾋﾖｳｺﾞｼﾝｷﾝ,兵庫信金,1687,1687
380,尼崎信金,ｱﾏｶﾞｻｷｼﾝｷﾝ,尼崎信金,1688,1688
381,日新信金,ﾆﾂｼﾝｼﾝｷﾝ,日新信金,1689,1689
382,淡路信金,ｱﾜｼﾞｼﾝｷﾝ,淡路信金,1691,1691
383,但馬信金,ﾀｼﾞﾏｼﾝｷﾝ,但馬信金,1692,1692
384,西兵庫信金,ﾆｼﾋﾖｳｺﾞｼﾝｷﾝ,西兵庫信金,1694,1694
385,中兵庫信金,ﾅｶﾋﾖｳｺﾞｼﾝｷﾝ,中兵庫信金,1695,1695
386,但陽信金,ﾀﾝﾖｳｼﾝｷﾝ,但陽信金,1696,1696
387,鳥取信金,ﾄﾂﾄﾘｼﾝｷﾝ,鳥取信金,1701,1701
388,米子信金,ﾖﾅｺﾞｼﾝｷﾝ,米子信金,1702,1702
389,倉吉信金,ｸﾗﾖｼｼﾝｷﾝ,倉吉信金,1703,1703
390,しまね信金,ｼﾏﾈｼﾝｷﾝ,しまね信金,1710,1710
391,日本海信金,ﾆﾎﾝｶｲｼﾝｷﾝ,日本海信金,1711,1711
392,島根中央信金,ｼﾏﾈﾁﾕｳｵｳｼﾝｷﾝ,島根中央信金,1712,1712
393,おかやま信金,ｵｶﾔﾏｼﾝｷﾝ,おかやま信金,1732,1732
394,水島信金,ﾐｽﾞｼﾏｼﾝｷﾝ,水島信金,1734,1734
395,津山信金,ﾂﾔﾏｼﾝｷﾝ,津山信金,1735,1735
396,玉島信金,ﾀﾏｼﾏｼﾝｷﾝ,玉島信金,1738,1738
397,備北信金,ﾋﾞﾎｸｼﾝｷﾝ,備北信金,1740,1740
398,吉備信金,ｷﾋﾞｼﾝｷﾝ,吉備信金,1741,1741
399,日生信金,ﾋﾅｾｼﾝｷﾝ,日生信金,1742,1742
400,備前信金,ﾋﾞｾﾞﾝｼﾝｷﾝ,備前信金,1743,1743
401,広島信金,ﾋﾛｼﾏｼﾝｷﾝ,広島信金,1750,1750
402,呉信金,ｸﾚｼﾝｷﾝ,呉信金,1752,1752
403,しまなみ信金,ｼﾏﾅﾐｼﾝｷﾝ,しまなみ信金,1756,1756
404,広島みどり信金,ﾋﾛｼﾏﾐﾄﾞﾘｼﾝｷﾝ,広島みどり信金,1758,1758
405,萩山口信金,ﾊｷﾞﾔﾏｸﾞﾁｼﾝｷﾝ,萩山口信金,1780,1780
406,西中国信金,ﾆｼﾁﾕｳｺﾞｸｼﾝｷﾝ,西中国信金,1781,1781
407,東山口信金,ﾋｶﾞｼﾔﾏｸﾞﾁｼﾝｷﾝ,東山口信金,1789,1789
408,徳島信金,ﾄｸｼﾏｼﾝｷﾝ,徳島信金,1801,1801
409,阿南信金,ｱﾅﾝｼﾝｷﾝ,阿南信金,1803,1803
410,高松信金,ﾀｶﾏﾂｼﾝｷﾝ,高松信金,1830,1830
411,観音寺信金,ｶﾝｵﾝｼﾞｼﾝｷﾝ,観音寺信金,1833,1833
412,愛媛信金,ｴﾋﾒｼﾝｷﾝ,愛媛信金,1860,1860
413,宇和島信金,ｳﾜｼﾞﾏｼﾝｷﾝ,宇和島信金,1862,1862
414,東予信金,ﾄｳﾖｼﾝｷﾝ,東予信金,1864,1864
415,川之江信金,ｶﾜﾉｴｼﾝｷﾝ,川之江信金,1866,1866
416,幡多信金,ﾊﾀｼﾝｷﾝ,幡多信金,1880,1880
417,高知信金,ｺｳﾁｼﾝｷﾝ,高知信金,1881,1881
418,福岡信金,ﾌｸｵｶｼﾝｷﾝ,福岡信金,1901,1901
419,福岡ひびき信金,ﾌｸｵｶﾋﾋﾞｷｼﾝｷﾝ,福岡ひびき信金,1903,1903
420,大牟田柳川信金,ｵｵﾑﾀﾔﾅｶﾞﾜｼﾝｷﾝ,大牟田柳川信金,1908,1908
421,筑後信金,ﾁｸｺﾞｼﾝｷﾝ,筑後信金,1909,1909
422,飯塚信金,ｲｲﾂﾞｶｼﾝｷﾝ,飯塚信金,1910,1910
423,田川信金,ﾀｶﾞﾜｼﾝｷﾝ,田川信金,1913,1913
424,大川信金,ｵｵｶﾜｼﾝｷﾝ,大川信金,1917,1917
425,遠賀信金,ｵﾝｶﾞｼﾝｷﾝ,遠賀信金,1920,1920
426,唐津信金,ｶﾗﾂｼﾝｷﾝ,唐津信金,1930,1930
427,佐賀信金,ｻｶﾞｼﾝｷﾝ,佐賀信金,1931,1931
428,伊万里信金,ｲﾏﾘｼﾝｷﾝ,伊万里信金,1932,1932
429,九州ひぜん信金,ｷﾕｳｼﾕｳﾋｾﾞﾝｼﾝｷﾝ,九州ひぜん信金,1933,1933
430,たちばな信金,ﾀﾁﾊﾞﾅｼﾝｷﾝ,たちばな信金,1942,1942
431,熊本信金,ｸﾏﾓﾄｼﾝｷﾝ,熊本信金,1951,1951
432,熊本第一信金,ｸﾏﾓﾄﾀﾞｲｲﾁｼﾝｷﾝ,熊本第一信金,1952,1952
433,熊本中央信金,ｸﾏﾓﾄﾁﾕｳｵｳｼﾝｷﾝ,熊本中央信金,1954,1954
434,天草信金,ｱﾏｸｻｼﾝｷﾝ,天草信金,1955,1955
435,大分信金,ｵｵｲﾀｼﾝｷﾝ,大分信金,1960,1960
436,大分みらい信金,ｵｵｲﾀﾐﾗｲｼﾝｷﾝ,大分みらい信金,1962,1962
437,日田信金,ﾋﾀｼﾝｷﾝ,日田信金,1968,1968
438,宮崎信金,ﾐﾔｻﾞｷｼﾝｷﾝ,宮崎信金,1980,1980
439,都城信金,ﾐﾔｺﾉｼﾞﾖｳｼﾝｷﾝ,都城信金,1981,1981
440,延岡信金,ﾉﾍﾞｵｶｼﾝｷﾝ,延岡信金,1982,1982
441,高鍋信金,ﾀｶﾅﾍﾞｼﾝｷﾝ,高鍋信金,1985,1985
442,南郷信金,ﾅﾝｺﾞｳｼﾝｷﾝ,南郷信金,1986,1986
443,鹿児島信金,ｶｺﾞｼﾏｼﾝｷﾝ,鹿児島信金,1990,1990
444,鹿児島相互信金,ｶｺﾞｼﾏｿｳｺﾞｼﾝｷﾝ,鹿児島相互信金,1991,1991
445,奄美大島信金,ｱﾏﾐｵｵｼﾏｼﾝｷﾝ,奄美大島信金,1993,1993
446,コザ信金,ｺｻﾞｼﾝｷﾝ,コザ信金,1996,1996
447,商工中金,ｼﾖｳｺｳﾁﾕｳｷﾝ,商工中金銀行,2004,2004
448,全信組連,ｾﾞﾝｼﾝｸﾐﾚﾝ,全信組連銀行,2010,2010
449,北央信組,ﾎｸｵｳｼﾝｸﾐ,北央信組,2011,2011
450,札幌中央信組,ｻﾂﾎﾟﾛﾁﾕｳｵｳｼﾝｸﾐ,札幌中央信組,2013,2013
451,ウリ信組,ｳﾘｼﾝｸﾐ,ウリ信組,2014,2014
452,函館商工信組,ﾊｺﾀﾞﾃｼﾖｳｺｳｼﾝｸﾐ,函館商工信組,2017,2017
453,空知商工信組,ｿﾗﾁｼﾖｳｺｳｼﾝｸﾐ,空知商工信組,2019,2019
454,十勝信組,ﾄｶﾁｼﾝｸﾐ,十勝信組,2024,2024
455,釧路信組,ｸｼﾛｼﾝｸﾐ,釧路信組,2025,2025
456,青森県信組,ｱｵﾓﾘｹﾝｼﾝｸﾐ,青森県信組,2030,2030
457,杜陵信組,ﾄﾘﾖｳｼﾝｸﾐ,杜陵信組,2045,2045
458,岩手県医師信組,ｲﾜﾃｹﾝｲｼｼﾝｸﾐ,岩手県医師信組,2049,2049
459,あすか信組,ｱｽｶｼﾝｸﾐ,あすか信組,2060,2060
460,石巻商工信組,ｲｼﾉﾏｷｼﾖｳｺｳｼﾝｸﾐ,石巻商工信組,2061,2061
461,古川信組,ﾌﾙｶﾜｼﾝｸﾐ,古川信組,2062,2062
462,仙北信組,ｾﾝﾎﾟｸｼﾝｸﾐ,仙北信組,2063,2063
463,秋田県信組,ｱｷﾀｹﾝｼﾝｸﾐ,秋田県信組,2075,2075
464,北郡信組,ｷﾀｸﾞﾝｼﾝｸﾐ,北郡信組,2083,2083
465,山形中央信組,ﾔﾏｶﾞﾀﾁﾕｳｵｳｼﾝｸﾐ,山形中央信組,2084,2084
466,山形第一信組,ﾔﾏｶﾞﾀﾀﾞｲｲﾁｼﾝｸﾐ,山形第一信組,2085,2085
467,福島県商工信組,ﾌｸｼﾏｹﾝｼﾖｳｺｳｼﾝｸﾐ,福島県商工信組,2090,2090
468,いわき信組,ｲﾜｷｼﾝｸﾐ,いわき信組,2092,2092
469,相双五城信組,ｿｳｿｳｺﾞｼﾞﾖｳｼﾝｸﾐ,相双五城信組,2095,2095
470,会津商工信組,ｱｲﾂﾞｼﾖｳｺｳｼﾝｸﾐ,会津商工信組,2096,2096
471,茨城県信組,ｲﾊﾞﾗｷｹﾝｼﾝｸﾐ,茨城県信組,2101,2101
472,真岡信組,ﾓｵｶｼﾝｸﾐ,真岡信組,2122,2122
473,那須信組,ﾅｽｼﾝｸﾐ,那須信組,2125,2125
474,あかぎ信組,ｱｶｷﾞｼﾝｸﾐ,あかぎ信組,2143,2143
475,群馬県信組,ｸﾞﾝﾏｹﾝｼﾝｸﾐ,群馬県信組,2146,2146
476,ぐんまみらい信組,ｸﾞﾝﾏﾐﾗｲｼﾝｸﾐ,ぐんまみらい信組,2149,2149
477,群馬県医師信組,ｸﾞﾝﾏｹﾝｲｼｼﾝｸﾐ,群馬県医師信組,2151,2151
478,埼玉県医師信組,ｻｲﾀﾏｹﾝｲｼｼﾝｸﾐ,埼玉県医師信組,2162,2162
479,熊谷商工信組,ｸﾏｶﾞﾔｼﾖｳｺｳｼﾝｸﾐ,熊谷商工信組,2165,2165
480,埼玉信組,ｻｲﾀﾏｼﾝｸﾐ,埼玉信組,2167,2167
481,房総信組,ﾎﾞｳｿｳｼﾝｸﾐ,房総信組,2180,2180
482,銚子商工信組,ﾁﾖｳｼｼﾖｳｺｳｼﾝｸﾐ,銚子商工信組,2184,2184
483,君津信組,ｷﾐﾂｼﾝｸﾐ,君津信組,2190,2190
484,全東栄信組,ｾﾞﾝﾄｳｴｲｼﾝｸﾐ,全東栄信組,2202,2202
485,東浴信組,ﾄｳﾖｸｼﾝｸﾐ,東浴信組,2210,2210
486,文化産業信組,ﾌﾞﾝｶｻﾝｷﾞﾖｳｼﾝｸﾐ,文化産業信組,2211,2211
487,整理回収機構,ｾｲﾘｶｲｼﾕｳｷｺｳ,整理回収機構銀行,2213,2213
488,東京証券信組,ﾄｳｷﾖｳｼﾖｳｹﾝｼﾝｸﾐ,東京証券信組,2215,2215
489,東京厚生信組,ﾄｳｷﾖｳｺｳｾｲｼﾝｸﾐ,東京厚生信組,2224,2224
490,東信組,ｱﾂﾞﾏｼﾝｸﾐ,東信組,2226,2226
491,江東信組,ｺｳﾄｳｼﾝｸﾐ,江東信組,2229,2229
492,青和信組,ｾｲﾜｼﾝｸﾐ,青和信組,2231,2231
493,中ノ郷信組,ﾅｶﾉｺﾞｳｼﾝｸﾐ,中ノ郷信組,2235,2235
494,共立信組,ｷﾖｳﾘﾂｼﾝｸﾐ,共立信組,2241,2241
495,七島信組,ｼﾁﾄｳｼﾝｸﾐ,七島信組,2243,2243
496,大東京信組,ﾀﾞｲﾄｳｷﾖｳｼﾝｸﾐ,大東京信組,2248,2248
497,第一勧業信組,ﾀﾞｲｲﾁｶﾝｷﾞﾖｳｼﾝｸﾐ,第一勧業信組,2254,2254
498,北部信組,ﾎｸﾌﾞｼﾝｸﾐ,北部信組,2266,2266
499,警視庁職員信組,ｹｲｼﾁﾖｳｼﾖｸｲﾝｼﾝｸﾐ,警視庁職員信組,2271,2271
500,甲子信組,ｺｳｼｼﾝｸﾐ,甲子信組,2272,2272
501,東京消防信組,ﾄｳｷﾖｳｼﾖｳﾎﾞｳｼﾝｸﾐ,東京消防信組,2274,2274
502,東京都職員信組,ﾄｳｷﾖｳﾄｼﾖｸｲﾝｼﾝｸﾐ,東京都職員信組,2276,2276
503,ハナ信組,ﾊﾅｼﾝｸﾐ,ハナ信組,2277,2277
504,神奈川県医師信組,ｶﾅｶﾞﾜｹﾝｲｼｼﾝｸﾐ,神奈川県医師信組,2304,2304
505,神奈川県歯科医師信組,ｶﾅｶﾞﾜｹﾝｼｶｲｼｼﾝｸﾐ,神奈川県歯科医師信組,2305,2305
506,横浜中央信組,ﾖｺﾊﾏﾁﾕｳｵｳﾝｼﾝｸﾐ,横浜中央信組,2306,2306
507,横浜華銀信組,ﾖｺﾊﾏｶｷﾞﾝｼﾝｸﾐ,横浜華銀信組,2307,2307
508,小田原第一信組,ｵﾀﾞﾜﾗﾀﾞｲｲﾁｼﾝｸﾐ,小田原第一信組,2315,2315
509,相愛信組,ｿｳｱｲｼﾝｸﾐ,相愛信組,2318,2318
510,静岡県医師信組,ｼｽﾞｵｶｹﾝｲｼｼﾝｸﾐ,静岡県医師信組,2332,2332
511,新潟縣信組,ﾆｲｶﾞﾀｹﾝｼﾝｸﾐ,新潟縣信組,2351,2351
512,新潟鉄道信組,ﾆｲｶﾞﾀﾃﾂﾄﾞｳｼﾝｸﾐ,新潟鉄道信組,2354,2354
513,興栄信組,ｺｳｴｲｼﾝｸﾐ,興栄信組,2356,2356
514,新栄信組,ｼﾝｴｲｼﾝｸﾐ,新栄信組,2357,2357
515,太陽信組,ﾀｲﾖｳｼﾝｸﾐ,太陽信組,2358,2358
516,五泉信組,ｺﾞｾﾝｼﾝｸﾐ,五泉信組,2359,2359
517,協栄信組,ｷﾖｳｴｲｼﾝｸﾐ,協栄信組,2360,2360
518,三條信組,ｻﾝｼﾞﾖｳｼﾝｸﾐ,三條信組,2361,2361
519,巻信組,ﾏｷｼﾝｸﾐ,巻信組,2362,2362
520,新潟大栄信組,ﾆｲｶﾞﾀﾀﾞｲｴｲｼﾝｸﾐ,新潟大栄信組,2363,2363
521,塩沢信組,ｼｵｻﾞﾜｼﾝｸﾐ,塩沢信組,2365,2365
522,糸魚川信組,ｲﾄｲｶﾞﾜｼﾝｸﾐ,糸魚川信組,2366,2366
523,山梨県民信組,ﾔﾏﾅｼｹﾝﾐﾝｼﾝｸﾐ,山梨県民信組,2377,2377
524,都留信組,ﾂﾙｼﾝｸﾐ,都留信組,2378,2378
525,長野県信組,ﾅｶﾞﾉｹﾝｼﾝｸﾐ,長野県信組,2390,2390
526,富山県医師信組,ﾄﾔﾏｹﾝｲｼｼﾝｸﾐ,富山県医師信組,2402,2402
527,富山県信組,ﾄﾔﾏｹﾝｼﾝｸﾐ,富山県信組,2404,2404
528,金沢中央信組,ｶﾅｻﾞﾜﾁﾕｳｵｳｼﾝｸﾐ,金沢中央信組,2411,2411
529,石川県医師信組,ｲｼｶﾜｹﾝｲｼｼﾝｸﾐ,石川県医師信組,2417,2417
530,福泉信組,ﾌｸｾﾝｼﾝｸﾐ,福泉信組,2430,2430
531,福井県医師信組,ﾌｸｲｹﾝｲｼｼﾝｸﾐ,福井県医師信組,2435,2435
532,丸八信組,ﾏﾙﾊﾁｼﾝｸﾐ,丸八信組,2440,2440
533,愛知商銀信組,ｱｲﾁｼﾖｳｷﾞﾝｼﾝｸﾐ,愛知商銀信組,2442,2442
534,愛知県警察信組,ｱｲﾁｹﾝｹｲｻﾂｼﾝｸﾐ,愛知県警察信組,2443,2443
535,名古屋青果物信組,ﾅｺﾞﾔｾｲｶﾌﾞﾂｼﾝｸﾐ,名古屋青果物信組,2444,2444
536,愛知県医療信組,ｱｲﾁｹﾝｲﾘﾖｳｼﾝｸﾐ,愛知県医療信組,2446,2446
537,愛知県医師信組,ｱｲﾁｹﾝｲｼｼﾝｸﾐ,愛知県医師信組,2447,2447
538,豊橋商工信組,ﾄﾖﾊｼｼﾖｳｺｳｼﾝｸﾐ,豊橋商工信組,2448,2448
539,愛知県中央信組,ｱｲﾁｹﾝﾁﾕｳｵｳｼﾝｸﾐ,愛知県中央信組,2451,2451
540,三河信組,ﾐｶﾜｼﾝｸﾐ,三河信組,2452,2452
541,岐阜商工信組,ｷﾞﾌｼﾖｳｺｳｼﾝｸﾐ,岐阜商工信組,2470,2470
542,イオ信組,ｲｵｼﾝｸﾐ,イオ信組,2471,2471
543,岐阜県医師信組,ｷﾞﾌｹﾝｲｼｼﾝｸﾐ,岐阜県医師信組,2473,2473
544,飛騨信組,ﾋﾀﾞｼﾝｸﾐ,飛騨信組,2476,2476
545,益田信組,ﾏｼﾀｼﾝｸﾐ,益田信組,2481,2481
546,滋賀県民信組,ｼｶﾞｹﾝﾐﾝｼﾝｸﾐ,滋賀県民信組,2504,2504
547,滋賀県信組,ｼｶﾞｹﾝｼﾝｸﾐ,滋賀県信組,2505,2505
548,京滋信組,ｹｲｼﾞｼﾝｸﾐ,京滋信組,2526,2526
549,大同信組,ﾀﾞｲﾄﾞｳｼﾝｸﾐ,大同信組,2540,2540
550,成協信組,ｾｲｷﾖｳｼﾝｸﾐ,成協信組,2541,2541
551,大阪協栄信組,ｵｵｻｶｷﾖｳｴｲｼﾝｸﾐ,大阪協栄信組,2543,2543
552,大阪貯蓄信組,ｵｵｻｶﾁﾖﾁｸｼﾝｸﾐ,大阪貯蓄信組,2548,2548
553,のぞみ信組,ﾉｿﾞﾐｼﾝｸﾐ,のぞみ信組,2549,2549
554,中央信組,ﾁﾕｳｵｳｼﾝｸﾐ,中央信組,2556,2556
555,大阪府医師信組,ｵｵｻｶﾌｲｼｼﾝｸﾐ,大阪府医師信組,2560,2560
556,大阪府警察信組,ｵｵｻｶﾌｹｲｻﾂｼﾝｸﾐ,大阪府警察信組,2566,2566
557,近畿産業信組,ｷﾝｷｻﾝｷﾞﾖｳｼﾝｸﾐ,近畿産業信組,2567,2567
558,朝日新聞信組,ｱｻﾋｼﾝﾌﾞﾝｼﾝｸﾐ,朝日新聞信組,2580,2580
559,毎日信組,ﾏｲﾆﾁｼﾝｸﾐ,毎日信組,2581,2581
560,ミレ信組,ﾐﾚｼﾝｸﾐ,ミレ信組,2582,2582
561,兵庫県警察信組,ﾋﾖｳｺﾞｹﾝｹｲｻﾂｼﾝｸﾐ,兵庫県警察信組,2602,2602
562,兵庫県医療信組,ﾋﾖｳｺﾞｹﾝｲﾘﾖｳｼﾝｸﾐ,兵庫県医療信組,2605,2605
563,兵庫県信組,ﾋﾖｳｺﾞｹﾝｼﾝｸﾐ,兵庫県信組,2606,2606
564,神戸市職員信組,ｺｳﾍﾞｼｼﾖｸｲﾝｼﾝｸﾐ,神戸市職員信組,2610,2610
565,淡陽信組,ﾀﾞﾝﾖｳｼﾝｸﾐ,淡陽信組,2616,2616
566,兵庫ひまわり信組,ﾋﾖｳｺﾞﾋﾏﾜﾘｼﾝｸﾐ,兵庫ひまわり信組,2620,2620
567,和歌山県医師信組,ﾜｶﾔﾏｹﾝｲｼｼﾝｸﾐ,和歌山県医師信組,2634,2634
568,島根益田信組,ｼﾏﾈﾏｽﾀﾞｼﾝｸﾐ,島根益田信組,2661,2661
569,朝銀西信組,ﾁﾖｳｷﾞﾝﾆｼｼﾝｸﾐ,朝銀西信組,2672,2672
570,岡山商銀信組,ｵｶﾔﾏｼﾖｳｷﾞﾝｼﾝｸﾐ,岡山商銀信組,2673,2673
571,笠岡信組,ｶｻｵｶｼﾝｸﾐ,笠岡信組,2674,2674
572,広島市信組,ﾋﾛｼﾏｼｼﾝｸﾐ,広島市信組,2680,2680
573,広島県信組,ﾋﾛｼﾏｹﾝｼﾝｸﾐ,広島県信組,2681,2681
574,広島商銀信組,ﾋﾛｼﾏｼﾖｳｷﾞﾝｼﾝｸﾐ,広島商銀信組,2684,2684
575,両備信組,ﾘﾖｳﾋﾞｼﾝｸﾐ,両備信組,2690,2690
576,備後信組,ﾋﾞﾝｺﾞｼﾝｸﾐ,備後信組,2696,2696
577,山口県信組,ﾔﾏｸﾞﾁｹﾝｼﾝｸﾐ,山口県信組,2703,2703
578,香川県信組,ｶｶﾞﾜｹﾝｼﾝｸﾐ,香川県信組,2721,2721
579,土佐信組,ﾄｻｼﾝｸﾐ,土佐信組,2740,2740
580,宿毛商銀信組,ｽｸﾓｼﾖｳｷﾞﾝｼﾝｸﾐ,宿毛商銀信組,2741,2741
581,福岡県庁信組,ﾌｸｵｶｹﾝﾁﾖｳｼﾝｸﾐ,福岡県庁信組,2751,2751
582,福岡県医師信組,ﾌｸｵｶｹﾝｲｼｼﾝｸﾐ,福岡県医師信組,2753,2753
583,福岡県南部信組,ﾌｸｵｶｹﾝﾅﾝﾌﾞｼﾝｸﾐ,福岡県南部信組,2763,2763
584,福岡県中央信組,ﾌｸｵｶｹﾝﾁﾕｳｵｳｼﾝｸﾐ,福岡県中央信組,2773,2773
585,とびうめ信組,ﾄﾋﾞｳﾒｼﾝｸﾐ,とびうめ信組,2778,2778
586,佐賀県医師信組,ｻｶﾞｹﾝｲｼｼﾝｸﾐ,佐賀県医師信組,2802,2802
587,佐賀東信組,ｻｶﾞﾋｶﾞｼｼﾝｸﾐ,佐賀東信組,2803,2803
588,佐賀西信組,ｻｶﾞﾆｼｼﾝｸﾐ,佐賀西信組,2808,2808
589,長崎三菱信組,ﾅｶﾞｻｷﾐﾂﾋﾞｼｼﾝｸﾐ,長崎三菱信組,2820,2820
590,長崎県医師信組,ﾅｶﾞｻｷｹﾝｲｼｼﾝｸﾐ,長崎県医師信組,2821,2821
591,長崎県民信組,ﾅｶﾞｻｷｹﾝﾐﾝｼﾝｸﾐ,長崎県民信組,2825,2825
592,佐世保中央信組,ｻｾﾎﾞﾁﾕｳｵｳｼﾝｸﾐ,佐世保中央信組,2826,2826
593,福江信組,ﾌｸｴｼﾝｸﾐ,福江信組,2833,2833
594,九州幸銀信組,ｷﾕｳｼﾕｳｺｳｷﾞﾝｼﾝｸﾐ,九州幸銀信組,2840,2840
595,熊本県医師信組,ｸﾏﾓﾄｹﾝｲｼｼﾝｸﾐ,熊本県医師信組,2842,2842
596,熊本県信組,ｸﾏﾓﾄｹﾝｼﾝｸﾐ,熊本県信組,2845,2845
597,大分県信組,ｵｵｲﾀｹﾝｼﾝｸﾐ,大分県信組,2870,2870
598,宮崎県南部信組,ﾐﾔｻﾞｷｹﾝﾅﾝﾌﾞｼﾝｸﾐ,宮崎県南部信組,2884,2884
599,鹿児島興業信組,ｶｺﾞｼﾏｺｳｷﾞﾖｳｼﾝｸﾐ,鹿児島興業信組,2890,2890
600,鹿児島県医師信組,ｶｺﾞｼﾏｹﾝｲｼｼﾝｸﾐ,鹿児島県医師信組,2891,2891
601,奄美信組,ｱﾏﾐｼﾝｸﾐ,奄美信組,2895,2895
602,労金連,ﾛｳｷﾝﾚﾝ,労金連銀行,2950,2950
603,北海道労金,ﾎﾂｶｲﾄﾞｳﾛｳｷﾝ,北海道労金,2951,2951
604,東北労金,ﾄｳﾎｸﾛｳｷﾝ,東北労金,2954,2954
605,中央労金,ﾁﾕｳｵｳﾛｳｷﾝ,中央労金,2963,2963
606,新潟県労金,ﾆｲｶﾞﾀｹﾝﾛｳｷﾝ,新潟県労金,2965,2965
607,長野県労金,ﾅｶﾞﾉｹﾝﾛｳｷﾝ,長野県労金,2966,2966
608,静岡県労金,ｼｽﾞｵｶｹﾝﾛｳｷﾝ,静岡県労金,2968,2968
609,北陸労金,ﾎｸﾘｸﾛｳｷﾝ,北陸労金,2970,2970
610,東海労金,ﾄｳｶｲﾛｳｷﾝ,東海労金,2972,2972
611,近畿労金,ｷﾝｷﾛｳｷﾝ,近畿労金,2978,2978
612,中国労金,ﾁﾕｳｺﾞｸﾛｳｷﾝ,中国労金,2984,2984
613,四国労金,ｼｺｸﾛｳｷﾝ,四国労金,2987,2987
614,九州労金,ｷﾕｳｼﾕｳﾛｳｷﾝ,九州労金,2990,2990
615,沖縄県労金,ｵｷﾅﾜｹﾝﾛｳｷﾝ,沖縄県労金,2997,2997
616,農林中金,ﾉｳﾘﾝﾁﾕｳｷﾝ,農林中金銀行,3000,3000
617,北海道信連,ﾎﾂｶｲﾄﾞｳｼﾝﾚﾝ,北海道信連,3001,3001
618,岩手県信連,ｲﾜﾃｹﾝｼﾝﾚﾝ,岩手県信連,3003,3003
619,茨城県信連,ｲﾊﾞﾗｷｹﾝｼﾝﾚﾝ,茨城県信連,3008,3008
620,群馬県信連,ｸﾞﾝﾏｹﾝｼﾝﾚﾝ,群馬県信連,3010,3010
621,埼玉県信連,ｻｲﾀﾏｹﾝｼﾝﾚﾝ,埼玉県信連,3011,3011
622,千葉県信連,ﾁﾊﾞｹﾝｼﾝﾚﾝ,千葉県信連,3012,3012
623,東京都信連,ﾄｳｷﾖｳﾄｼﾝﾚﾝ,東京都信連,3013,3013
624,神奈川県信連,ｶﾅｶﾞﾜｹﾝｼﾝﾚﾝ,神奈川県信連,3014,3014
625,山梨県信連,ﾔﾏﾅｼｹﾝｼﾝﾚﾝ,山梨県信連,3015,3015
626,長野県信連,ﾅｶﾞﾉｹﾝｼﾝﾚﾝ,長野県信連,3016,3016
627,新潟県信連,ﾆｲｶﾞﾀｹﾝｼﾝﾚﾝ,新潟県信連,3017,3017
628,石川県信連,ｲｼｶﾜｹﾝｼﾝﾚﾝ,石川県信連,3019,3019
629,岐阜県信連,ｷﾞﾌｹﾝｼﾝﾚﾝ,岐阜県信連,3020,3020
630,静岡県信連,ｼｽﾞｵｶｹﾝｼﾝﾚﾝ,静岡県信連,3021,3021
631,愛知県信連,ｱｲﾁｹﾝｼﾝﾚﾝ,愛知県信連,3022,3022
632,三重県信連,ﾐｴｹﾝｼﾝﾚﾝ,三重県信連,3023,3023
633,福井県信連,ﾌｸｲｹﾝｼﾝﾚﾝ,福井県信連,3024,3024
634,滋賀県信連,ｼｶﾞｹﾝｼﾝﾚﾝ,滋賀県信連,3025,3025
635,京都府信連,ｷﾖｳﾄﾌｼﾝﾚﾝ,京都府信連,3026,3026
636,大阪府信連,ｵｵｻｶﾌｼﾝﾚﾝ,大阪府信連,3027,3027
637,兵庫県信連,ﾋﾖｳｺﾞｹﾝｼﾝﾚﾝ,兵庫県信連,3028,3028
638,和歌山県信連,ﾜｶﾔﾏｹﾝｼﾝﾚﾝ,和歌山県信連,3030,3030
639,鳥取県信連,ﾄﾂﾄﾘｹﾝｼﾝﾚﾝ,鳥取県信連,3031,3031
640,島根県信連,ｼﾏﾈｹﾝｼﾝﾚﾝ,島根県信連,3032,3032
641,広島県信連,ﾋﾛｼﾏｹﾝｼﾝﾚﾝ,広島県信連,3034,3034
642,山口県信連,ﾔﾏｸﾞﾁｹﾝｼﾝﾚﾝ,山口県信連,3035,3035
643,徳島県信連,ﾄｸｼﾏｹﾝｼﾝﾚﾝ,徳島県信連,3036,3036
644,香川県信連,ｶｶﾞﾜｹﾝｼﾝﾚﾝ,香川県信連,3037,3037
645,愛媛県信連,ｴﾋﾒｹﾝｼﾝﾚﾝ,愛媛県信連,3038,3038
646,高知県信連,ｺｳﾁｹﾝｼﾝﾚﾝ,高知県信連,3039,3039
647,福岡県信連,ﾌｸｵｶｹﾝｼﾝﾚﾝ,福岡県信連,3040,3040
648,佐賀県信連,ｻｶﾞｹﾝｼﾝﾚﾝ,佐賀県信連,3041,3041
649,大分県信連,ｵｵｲﾀｹﾝｼﾝﾚﾝ,大分県信連,3044,3044
650,宮崎県信連,ﾐﾔｻﾞｷｹﾝｼﾝﾚﾝ,宮崎県信連,3045,3045
651,鹿児島県信連,ｶｺﾞｼﾏｹﾝｼﾝﾚﾝ,鹿児島県信連,3046,3046
652,北檜山町農協,ｷﾀﾋﾔﾏﾁﾖｳﾉｳｷﾖｳ,北檜山町農協,3056,3056
653,今金町農協,ｲﾏｶﾞﾈﾁﾖｳﾉｳｷﾖｳ,今金町農協,3058,3058
654,函館市亀田農協,ﾊｺﾀﾞﾃｼｶﾒﾀﾞﾉｳｷﾖｳ,函館市亀田農協,3066,3066
655,新函館農協,ｼﾝﾊｺﾀﾞﾃﾉｳｷﾖｳ,新函館農協,3068,3068
656,ようてい農協,ﾖｳﾃｲﾉｳｷﾖｳ,ようてい農協,3086,3086
657,きょうわ農協,ｷﾖｳﾜﾉｳｷﾖｳ,きょうわ農協,3087,3087
658,新おたる農協,ｼﾝｵﾀﾙﾉｳｷﾖｳ,新おたる農協,3094,3094
659,余市町農協,ﾖｲﾁﾁﾖｳﾉｳｷﾖｳ,余市町農協,3095,3095
660,とうや湖農協,ﾄｳﾔｺﾉｳｷﾖｳ,とうや湖農協,3103,3103
661,伊達市農協,ﾀﾞﾃｼﾉｳｷﾖｳ,伊達市農協,3107,3107
662,とまこまい広域農協,ﾄﾏｺﾏｲｺｳｲｷﾉｳｷﾖｳ,とまこまい広域農協,3112,3112
663,鵡川農協,ﾑｶﾜﾉｳｷﾖｳ,鵡川農協,3114,3114
664,平取町農協,ﾋﾞﾗﾄﾘﾁﾖｳﾉｳｷﾖｳ,平取町農協,3120,3120
665,富川農協,ﾄﾐｶﾜﾉｳｷﾖｳ,富川農協,3121,3121
666,門別町農協,ﾓﾝﾍﾞﾂﾁﾖｳﾉｳｷﾖｳ,門別町農協,3122,3122
667,新冠町農協,ﾆｲｶﾂﾌﾟﾁﾖｳﾉｳｷﾖｳ,新冠町農協,3124,3124
668,しずない農協,ｼｽﾞﾅｲﾉｳｷﾖｳ,しずない農協,3125,3125
669,みついし農協,ﾐﾂｲｼﾉｳｷﾖｳ,みついし農協,3126,3126
670,ひだか東農協,ﾋﾀﾞｶﾋｶﾞｼﾉｳｷﾖｳ,ひだか東農協,3129,3129
671,札幌市農協,ｻﾂﾎﾟﾛｼﾉｳｷﾖｳ,札幌市農協,3133,3133
672,道央農協,ﾄﾞｳｵｳﾉｳｷﾖｳ,道央農協,3139,3139
673,石狩市農協,ｲｼｶﾘｼﾉｳｷﾖｳ,石狩市農協,3142,3142
674,北石狩農協,ｷﾀｲｼｶﾘﾉｳｷﾖｳ,北石狩農協,3145,3145
675,新篠津村農協,ｼﾝｼﾉﾂﾑﾗﾉｳｷﾖｳ,新篠津村農協,3147,3147
676,サツラク農協,ｻﾂﾗｸﾉｳｷﾖｳ,サツラク農協,3154,3154
677,いわみざわ農協,ｲﾜﾐｻﾞﾜﾉｳｷﾖｳ,いわみざわ農協,3156,3156
678,南幌町農協,ﾅﾝﾎﾟﾛﾁﾖｳﾉｳｷﾖｳ,南幌町農協,3161,3161
679,美唄市農協,ﾋﾞﾊﾞｲｼﾉｳｷﾖｳ,美唄市農協,3164,3164
680,峰延農協,ﾐﾈﾉﾌﾞﾉｳｷﾖｳ,峰延農協,3165,3165
681,月形町農協,ﾂｷｶﾞﾀﾁﾖｳﾉｳｷﾖｳ,月形町農協,3168,3168
682,ながぬま農協,ﾅｶﾞﾇﾏﾉｳｷﾖｳ,ながぬま農協,3170,3170
683,そらち南農協,ｿﾗﾁﾐﾅﾐﾉｳｷﾖｳ,そらち南農協,3172,3172
684,夕張市農協,ﾕｳﾊﾞﾘｼﾉｳｷﾖｳ,夕張市農協,3173,3173
685,新砂川農協,ｼﾝｽﾅｶﾞﾜﾉｳｷﾖｳ,新砂川農協,3175,3175
686,たきかわ農協,ﾀｷｶﾜﾉｳｷﾖｳ,たきかわ農協,3177,3177
687,ピンネ農協,ﾋﾟﾝﾈﾉｳｷﾖｳ,ピンネ農協,3181,3181
688,北いぶき農協,ｷﾀｲﾌﾞｷﾉｳｷﾖｳ,北いぶき農協,3188,3188
689,きたそらち農協,ｷﾀｿﾗﾁﾉｳｷﾖｳ,きたそらち農協,3189,3189
690,南るもい農協,ﾐﾅﾐﾙﾓｲﾉｳｷﾖｳ,南るもい農協,3200,3200
691,苫前町農協,ﾄﾏﾏｴﾁﾖｳﾉｳｷﾖｳ,苫前町農協,3201,3201
692,オロロン農協,ｵﾛﾛﾝﾉｳｷﾖｳ,オロロン農協,3202,3202
693,天塩町農協,ﾃｼｵﾁﾖｳﾉｳｷﾖｳ,天塩町農協,3206,3206
694,幌延町農協,ﾎﾛﾉﾍﾞﾁﾖｳﾉｳｷﾖｳ,幌延町農協,3208,3208
695,あさひかわ農協,ｱｻﾋｶﾜﾉｳｷﾖｳ,あさひかわ農協,3210,3210
696,たいせつ農協,ﾀｲｾﾂﾉｳｷﾖｳ,たいせつ農協,3214,3214
697,東神楽農協,ﾋｶﾞｼｶｸﾞﾗﾉｳｷﾖｳ,東神楽農協,3219,3219
698,東旭川農協,ﾋｶﾞｼｱｻﾋｶﾜﾉｳｷﾖｳ,東旭川農協,3220,3220
699,当麻農協,ﾄｳﾏﾉｳｷﾖｳ,当麻農協,3223,3223
700,比布町農協,ﾋﾟﾂﾌﾟﾁﾖｳﾉｳｷﾖｳ,比布町農協,3224,3224
701,上川中央農協,ｶﾐｶﾜﾁﾕｳｵｳﾉｳｷﾖｳ,上川中央農協,3225,3225
702,東川町農協,ﾋｶﾞｼｶﾜﾁﾖｳﾉｳｷﾖｳ,東川町農協,3227,3227
703,美瑛町農協,ﾋﾞｴｲﾁﾖｳﾉｳｷﾖｳ,美瑛町農協,3228,3228
704,ふらの農協,ﾌﾗﾉﾉｳｷﾖｳ,ふらの農協,3231,3231
705,北ひびき農協,ｷﾀﾋﾋﾞｷﾉｳｷﾖｳ,北ひびき農協,3238,3238
706,道北なよろ農協,ﾄﾞｳﾎｸﾅﾖﾛﾉｳｷﾖｳ,道北なよろ農協,3244,3244
707,北はるか農協,ｷﾀﾊﾙｶﾉｳｷﾖｳ,北はるか農協,3248,3248
708,稚内農協,ﾜﾂｶﾅｲﾉｳｷﾖｳ,稚内農協,3254,3254
709,北宗谷農協,ｷﾀｿｳﾔﾉｳｷﾖｳ,北宗谷農協,3257,3257
710,東宗谷農協,ﾋｶﾞｼｿｳﾔﾉｳｷﾖｳ,東宗谷農協,3259,3259
711,中頓別町農協,ﾅｶﾄﾝﾍﾞﾂﾁﾖｳﾉｳｷﾖｳ,中頓別町農協,3260,3260
712,宗谷南農協,ｿｳﾔﾐﾅﾐﾉｳｷﾖｳ,宗谷南農協,3261,3261
713,帯広市川西農協,ｵﾋﾞﾋﾛｼｶﾜﾆｼﾉｳｷﾖｳ,帯広市川西農協,3264,3264
714,帯広大正農協,ｵﾋﾞﾋﾛﾀｲｼﾖｳﾉｳｷﾖｳ,帯広大正農協,3265,3265
715,中札内村農協,ﾅｶｻﾂﾅｲﾑﾗﾉｳｷﾖｳ,中札内村農協,3266,3266
716,更別村農協,ｻﾗﾍﾞﾂﾑﾗﾉｳｷﾖｳ,更別村農協,3267,3267
717,忠類農協,ﾁﾕｳﾙｲﾉｳｷﾖｳ,忠類農協,3268,3268
718,大樹町農協,ﾀｲｷﾁﾖｳﾉｳｷﾖｳ,大樹町農協,3269,3269
719,広尾町農協,ﾋﾛｵﾁﾖｳﾉｳｷﾖｳ,広尾町農協,3270,3270
720,芽室町農協,ﾒﾑﾛﾁﾖｳﾉｳｷﾖｳ,芽室町農協,3271,3271
721,十勝清水町農協,ﾄｶﾁｼﾐｽﾞﾁﾖｳﾉｳｷﾖｳ,十勝清水町農協,3273,3273
722,新得町農協,ｼﾝﾄｸﾁﾖｳﾉｳｷﾖｳ,新得町農協,3275,3275
723,鹿追町農協,ｼｶｵｲﾁﾖｳﾉｳｷﾖｳ,鹿追町農協,3276,3276
724,木野農協,ｷﾉﾉｳｷﾖｳ,木野農協,3277,3277
725,音更町農協,ｵﾄﾌｹﾁﾖｳﾉｳｷﾖｳ,音更町農協,3278,3278
726,士幌町農協,ｼﾎﾛﾁﾖｳﾉｳｷﾖｳ,士幌町農協,3279,3279
727,上士幌町農協,ｶﾐｼﾎﾛﾁﾖｳﾉｳｷﾖｳ,上士幌町農協,3280,3280
728,札内農協,ｻﾂﾅｲﾉｳｷﾖｳ,札内農協,3281,3281
729,幕別町農協,ﾏｸﾍﾞﾂﾁﾖｳﾉｳｷﾖｳ,幕別町農協,3282,3282
730,十勝池田町農協,ﾄｶﾁｲｹﾀﾞﾁﾖｳﾉｳｷﾖｳ,十勝池田町農協,3283,3283
731,十勝高島農協,ﾄｶﾁﾀｶｼﾏﾉｳｷﾖｳ,十勝高島農協,3285,3285
732,豊頃町農協,ﾄﾖｺﾛﾁﾖｳﾉｳｷﾖｳ,豊頃町農協,3286,3286
733,浦幌町農協,ｳﾗﾎﾛﾁﾖｳﾉｳｷﾖｳ,浦幌町農協,3287,3287
734,本別町農協,ﾎﾝﾍﾞﾂﾁﾖｳﾉｳｷﾖｳ,本別町農協,3288,3288
735,足寄町農協,ｱｼﾖﾛﾁﾖｳﾉｳｷﾖｳ,足寄町農協,3289,3289
736,陸別町農協,ﾘｸﾍﾞﾂﾁﾖｳﾉｳｷﾖｳ,陸別町農協,3290,3290
737,北オホーツク農協,ｷﾀｵﾎ-ﾂｸﾉｳｷﾖｳ,北オホーツク農協,3297,3297
738,オホーツクはまなす農協,ｵﾎ-ﾂｸﾊﾏﾅｽﾉｳｷﾖｳ,オホーツクはまなす農協,3301,3301
739,佐呂間町農協,ｻﾛﾏﾁﾖｳﾉｳｷﾖｳ,佐呂間町農協,3303,3303
740,湧別町農協,ﾕｳﾍﾞﾂﾁﾖｳﾉｳｷﾖｳ,湧別町農協,3305,3305
741,えんゆう農協,ｴﾝﾕｳﾉｳｷﾖｳ,えんゆう農協,3306,3306
742,きたみらい農協,ｷﾀﾐﾗｲﾉｳｷﾖｳ,きたみらい農協,3317,3317
743,津別町農協,ﾂﾍﾞﾂﾁﾖｳﾉｳｷﾖｳ,津別町農協,3319,3319
744,美幌町農協,ﾋﾞﾎﾛﾁﾖｳﾉｳｷﾖｳ,美幌町農協,3320,3320
745,女満別町農協,ﾒﾏﾝﾍﾞﾂﾁﾖｳﾉｳｷﾖｳ,女満別町農協,3321,3321
746,常呂町農協,ﾄｺﾛﾁﾖｳﾉｳｷﾖｳ,常呂町農協,3322,3322
747,オホーツク網走農協,ｵﾎ-ﾂｸｱﾊﾞｼﾘﾉｳｷﾖｳ,オホーツク網走農協,3326,3326
748,小清水町農協,ｺｼﾐｽﾞﾁﾖｳﾉｳｷﾖｳ,小清水町農協,3328,3328
749,斜里町農協,ｼﾔﾘﾁﾖｳﾉｳｷﾖｳ,斜里町農協,3329,3329
750,清里町農協,ｷﾖｻﾄﾁﾖｳﾉｳｷﾖｳ,清里町農協,3330,3330
751,釧路太田農協,ｸｼﾛｵｵﾀﾉｳｷﾖｳ,釧路太田農協,3334,3334
752,浜中町農協,ﾊﾏﾅｶﾁﾖｳﾉｳｷﾖｳ,浜中町農協,3335,3335
753,標茶町農協,ｼﾍﾞﾁﾔﾁﾖｳﾉｳｷﾖｳ,標茶町農協,3336,3336
754,摩周湖農協,ﾏｼﾕｳｺﾉｳｷﾖｳ,摩周湖農協,3337,3337
755,阿寒農協,ｱｶﾝﾉｳｷﾖｳ,阿寒農協,3338,3338
756,釧路丹頂農協,ｸｼﾛﾀﾝﾁﾖｳﾉｳｷﾖｳ,釧路丹頂農協,3339,3339
757,標津町農協,ｼﾍﾞﾂﾁﾖｳﾉｳｷﾖｳ,標津町農協,3348,3348
758,中標津町農協,ﾅｶｼﾍﾞﾂﾁﾖｳﾉｳｷﾖｳ,中標津町農協,3349,3349
759,計根別農協,ｹﾈﾍﾞﾂﾉｳｷﾖｳ,計根別農協,3350,3350
760,道東あさひ農協,ﾄﾞｳﾄｳｱｻﾋﾉｳｷﾖｳ,道東あさひ農協,3354,3354
761,中春別農協,ﾅｶｼﾕﾝﾍﾞﾂﾉｳｷﾖｳ,中春別農協,3358,3358
762,青森農協,ｱｵﾓﾘﾉｳｷﾖｳ,青森農協,3373,3373
763,つがる弘前農協,ﾂｶﾞﾙﾋﾛｻｷﾉｳｷﾖｳ,つがる弘前農協,3387,3387
764,相馬村農協,ｿｳﾏﾑﾗﾉｳｷﾖｳ,相馬村農協,3390,3390
765,津軽みらい農協,ﾂｶﾞﾙﾐﾗｲﾉｳｷﾖｳ,津軽みらい農協,3407,3407
766,つがるにしきた農協,ﾂｶﾞﾙﾆｼｷﾀﾉｳｷﾖｳ,つがるにしきた農協,3421,3421
767,ごしょつがる農協,ｺﾞｼﾖﾂｶﾞﾙ,ごしょつがる農協,3442,3442
768,十和田おいらせ農協,ﾄﾜﾀﾞｵｲﾗｾﾉｳｷﾖｳ,十和田おいらせ農協,3455,3455
769,ゆうき青森農協,ﾕｳｷｱｵﾓﾘﾉｳｷﾖｳ,ゆうき青森農協,3469,3469
770,おいらせ農協,ｵｲﾗｾﾉｳｷﾖｳ,おいらせ農協,3474,3474
771,八戸農協,ﾊﾁﾉﾍﾉｳｷﾖｳ,八戸農協,3488,3488
772,新岩手農協,ｼﾝｲﾜﾃﾉｳｷﾖｳ,新岩手農協,3517,3517
773,岩手中央酪農協,ｲﾜﾃﾁﾕｳｵｳﾗｸﾉｳｷﾖｳ,岩手中央酪農協,3539,3539
774,岩手中央農協,ｲﾜﾃﾁﾕｳｵｳﾉｳｷﾖｳ,岩手中央農協,3541,3541
775,花巻農協,ﾊﾅﾏｷﾉｳｷﾖｳ,花巻農協,3553,3553
776,岩手ふるさと農協,ｲﾜﾃﾌﾙｻﾄﾉｳｷﾖｳ,岩手ふるさと農協,3572,3572
777,岩手江刺農協,ｲﾜﾃｴｻｼﾉｳｷﾖｳ,岩手江刺農協,3579,3579
778,いわて平泉農協,ｲﾜﾃﾋﾗｲｽﾞﾐﾉｳｷﾖｳ,いわて平泉農協,3590,3590
779,大船渡市農協,ｵｵﾌﾅﾄｼﾉｳｷﾖｳ,大船渡市農協,3598,3598
780,仙台農協,ｾﾝﾀﾞｲﾉｳｷﾖｳ,仙台農協,3636,3636
781,岩沼市農協,ｲﾜﾇﾏｼﾉｳｷﾖｳ,岩沼市農協,3647,3647
782,名取岩沼農協,ﾅﾄﾘｲﾜﾇﾏﾉｳｷﾖｳ,名取岩沼農協,3652,3652
783,みやぎ亘理農協,ﾐﾔｷﾞﾜﾀﾘﾉｳｷﾖｳ,みやぎ亘理農協,3653,3653
784,あさひな農協,ｱｻﾋﾅﾉｳｷﾖｳ,あさひな農協,3664,3664
785,みやぎ登米農協,ﾐﾔｷﾞﾄﾒﾉｳｷﾖｳ,みやぎ登米農協,3665,3665
786,南三陸農協,ﾐﾅﾐｻﾝﾘｸﾉｳｷﾖｳ,南三陸農協,3682,3682
787,栗っこ農協,ｸﾘﾂｺﾉｳｷﾖｳ,栗っこ農協,3702,3702
788,古川農協,ﾌﾙｶﾜﾉｳｷﾖｳ,古川農協,3704,3704
789,加美よつば農協,ｶﾐﾖﾂﾊﾞﾉｳｷﾖｳ,加美よつば農協,3710,3710
790,いわでやま農協,ｲﾜﾃﾞﾔﾏﾉｳｷﾖｳ,いわでやま農協,3717,3717
791,みどりの農協,ﾐﾄﾞﾘﾉﾉｳｷﾖｳ,みどりの農協,3721,3721
792,いしのまき農協,ｲｼﾉﾏｷﾉｳｷﾖｳ,いしのまき農協,3731,3731
793,みやぎ仙南農協,ﾐﾔｷﾞｾﾝﾅﾝﾉｳｷﾖｳ,みやぎ仙南農協,3751,3751
794,かづの農協,ｶﾂﾞﾉﾉｳｷﾖｳ,かづの農協,3762,3762
795,あきた北農協,ｱｷﾀｷﾀﾉｳｷﾖｳ,あきた北農協,3764,3764
796,鷹巣町農協,ﾀｶﾉｽﾏﾁﾉｳｷﾖｳ,鷹巣町農協,3771,3771
797,あきた北央農協,ｱｷﾀﾎｸｵｳﾉｳｷﾖｳ,あきた北央農協,3773,3773
798,あきた白神農協,ｱｷﾀｼﾗｶﾐﾉｳｷﾖｳ,あきた白神農協,3784,3784
799,秋田やまもと農協,ｱｷﾀﾔﾏﾓﾄﾉｳｷﾖｳ,秋田やまもと農協,3795,3795
800,あきた湖東農協,ｱｷﾀｺﾄｳﾉｳｷﾖｳ,あきた湖東農協,3798,3798
801,秋田みなみ農協,ｱｷﾀﾐﾅﾐﾉｳｷﾖｳ,秋田みなみ農協,3805,3805
802,新あきた農協,ｼﾝｱｷﾀﾉｳｷﾖｳ,新あきた農協,3810,3810
803,秋田しんせい農協,ｱｷﾀｼﾝｾｲﾉｳｷﾖｳ,秋田しんせい農協,3825,3825
804,秋田おばこ農協,ｱｷﾀｵﾊﾞｺﾉｳｷﾖｳ,秋田おばこ農協,3855,3855
805,秋田ふるさと農協,ｱｷﾀﾌﾙｻﾄﾉｳｷﾖｳ,秋田ふるさと農協,3878,3878
806,こまち農協,ｺﾏﾁﾉｳｷﾖｳ,こまち農協,3913,3913
807,うご農協,ｳｺﾞﾉｳｷﾖｳ,うご農協,3917,3917
808,大潟村農協,ｵｵｶﾞﾀﾑﾗﾉｳｷﾖｳ,大潟村農協,3929,3929
809,山形市農協,ﾔﾏｶﾞﾀｼﾉｳｷﾖｳ,山形市農協,3931,3931
810,山形農協,ﾔﾏｶﾞﾀﾉｳｷﾖｳ,山形農協,3932,3932
811,天童市農協,ﾃﾝﾄﾞｳｼﾉｳｷﾖｳ,天童市農協,3938,3938
812,さがえ西村山農協,ｻｶﾞｴﾆｼﾑﾗﾔﾏﾉｳｷﾖｳ,さがえ西村山農協,3943,3943
813,みちのく村山農協,ﾐﾁﾉｸﾑﾗﾔﾏﾉｳｷﾖｳ,みちのく村山農協,3960,3960
814,東根市農協,ﾋｶﾞｼﾈｼﾉｳｷﾖｳ,東根市農協,3962,3962
815,新庄市農協,ｼﾝｼﾞﾖｳｼﾉｳｷﾖｳ,新庄市農協,3971,3971
816,新庄もがみ農協,ｼﾝｼﾞﾖｳﾓｶﾞﾐﾉｳｷﾖｳ,新庄もがみ農協,3973,3973
817,山形もがみ農協,ﾔﾏｶﾞﾀﾓｶﾞﾐﾉｳｷﾖｳ,山形もがみ農協,3980,3980
818,真室川町農協,ﾏﾑﾛｶﾞﾜﾏﾁﾉｳｷﾖｳ,真室川町農協,3986,3986
819,金山農協,ｶﾈﾔﾏﾉｳｷﾖｳ,金山農協,3987,3987
820,山形おきたま農協,ﾔﾏｶﾞﾀｵｷﾀﾏﾉｳｷﾖｳ,山形おきたま農協,3989,3989
821,鶴岡市農協,ﾂﾙｵｶｼﾉｳｷﾖｳ,鶴岡市農協,4000,4000
822,庄内たがわ農協,ｼﾖｳﾅｲﾀｶﾞﾜﾉｳｷﾖｳ,庄内たがわ農協,4013,4013
823,余目町農協,ｱﾏﾙﾒﾏﾁﾉｳｷﾖｳ,余目町農協,4022,4022
824,庄内みどり農協,ｼﾖｳﾅｲﾐﾄﾞﾘﾉｳｷﾖｳ,庄内みどり農協,4027,4027
825,酒田市袖浦農協,ｻｶﾀｼｿﾃﾞｳﾗﾉｳｷﾖｳ,酒田市袖浦農協,4036,4036
826,新ふくしま農協,ｼﾝﾌｸｼﾏﾉｳｷﾖｳ,新ふくしま農協,4047,4047
827,伊達みらい農協,ﾀﾞﾃﾐﾗｲﾉｳｷﾖｳ,伊達みらい農協,4064,4064
828,みちのく安達農協,ﾐﾁﾉｸｱﾀﾞﾁﾉｳｷﾖｳ,みちのく安達農協,4069,4069
829,郡山市農協,ｺｵﾘﾔﾏｼﾉｳｷﾖｳ,郡山市農協,4076,4076
830,すかがわ岩瀬農協,ｽｶｶﾞﾜｲﾜｾﾉｳｷﾖｳ,すかがわ岩瀬農協,4091,4091
831,あぶくま石川農協,ｱﾌﾞｸﾏｲｼｶﾜﾉｳｷﾖｳ,あぶくま石川農協,4104,4104
832,たむら農協,ﾀﾑﾗﾉｳｷﾖｳ,たむら農協,4125,4125
833,白河農協,ｼﾗｶﾜﾉｳｷﾖｳ,白河農協,4130,4130
834,東西しらかわ農協,ﾄｳｻﾞｲｼﾗｶﾜﾉｳｷﾖｳ,東西しらかわ農協,4132,4132
835,あいづ農協,ｱｲﾂﾞﾉｳｷﾖｳ,あいづ農協,4148,4148
836,会津いいで農協,ｱｲﾂﾞｲｲﾃﾞﾉｳｷﾖｳ,会津いいで農協,4160,4160
837,会津みどり農協,ｱｲﾂﾞﾐﾄﾞﾘﾉｳｷﾖｳ,会津みどり農協,4175,4175
838,会津みなみ農協,ｱｲﾂﾞﾐﾅﾐﾉｳｷﾖｳ,会津みなみ農協,4189,4189
839,いわき市農協,ｲﾜｷｼﾉｳｷﾖｳ,いわき市農協,4196,4196
840,いわき中部農協,ｲﾜｷﾁﾕｳﾌﾞﾉｳｷﾖｳ,いわき中部農協,4197,4197
841,ふたば農協,ﾌﾀﾊﾞﾉｳｷﾖｳ,ふたば農協,4220,4220
842,そうま農協,ｿｳﾏﾉｳｷﾖｳ,そうま農協,4230,4230
843,水戸農協,ﾐﾄﾉｳｷﾖｳ,水戸農協,4238,4238
844,ひたちなか農協,ﾋﾀﾁﾅｶﾉｳｷﾖｳ,ひたちなか農協,4263,4263
845,茨城中央農協,ｲﾊﾞﾗｷﾁﾕｳｵｳﾉｳｷﾖｳ,茨城中央農協,4267,4267
846,茨城みどり農協,ｲﾊﾞﾗｷﾐﾄﾞﾘﾉｳｷﾖｳ,茨城みどり農協,4273,4273
847,茨城みずほ農協,ｲﾊﾞﾗｷﾐｽﾞﾎﾉｳｷﾖｳ,茨城みずほ農協,4284,4284
848,茨城ひたち農協,ｲﾊﾞﾗｷﾋﾀﾁﾉｳｷﾖｳ,茨城ひたち農協,4288,4288
849,日立市多賀農協,ﾋﾀﾁｼﾀｶﾞﾉｳｷﾖｳ,日立市多賀農協,4294,4294
850,茨城旭村農協,ｲﾊﾞﾗｷｱｻﾋﾑﾗﾉｳｷﾖｳ,茨城旭村農協,4295,4295
851,ほこた農協,ﾎｺﾀﾉｳｷﾖｳ,ほこた農協,4296,4296
852,しおさい農協,ｼｵｻｲﾉｳｷﾖｳ,しおさい農協,4301,4301
853,なめがた農協,ﾅﾒｶﾞﾀﾉｳｷﾖｳ,なめがた農協,4310,4310
854,稲敷農協,ｲﾅｼｷﾉｳｷﾖｳ,稲敷農協,4322,4322
855,茨城かすみ農協,ｲﾊﾞﾗｷｶｽﾐﾉｳｷﾖｳ,茨城かすみ農協,4324,4324
856,竜ケ崎市農協,ﾘﾕｳｶﾞｻｷｼﾉｳｷﾖｳ,竜ケ崎市農協,4344,4344
857,土浦農協,ﾂﾁｳﾗﾉｳｷﾖｳ,土浦農協,4357,4357
858,つくば市農協,ﾂｸﾊﾞｼﾉｳｷﾖｳ,つくば市農協,4363,4363
859,つくば市谷田部農協,ﾂｸﾊﾞｼﾔﾀﾍﾞﾉｳｷﾖｳ,つくば市谷田部農協,4371,4371
860,茨城みなみ農協,ｲﾊﾞﾗｷﾐﾅﾐﾉｳｷﾖｳ,茨城みなみ農協,4378,4378
861,ひたち野農協,ﾋﾀﾁﾉﾉｳｷﾖｳ,ひたち野農協,4386,4386
862,やさと農協,ﾔｻﾄﾉｳｷﾖｳ,やさと農協,4387,4387
863,常陸小川農協,ﾋﾀﾁｵｶﾞﾜﾉｳｷﾖｳ,常陸小川農協,4394,4394
864,美野里町農協,ﾐﾉﾘﾏﾁﾉｳｷﾖｳ,美野里町農協,4395,4395
865,北つくば農協,ｷﾀﾂｸﾊﾞﾉｳｷﾖｳ,北つくば農協,4397,4397
866,常総ひかり農協,ｼﾞﾖｳｿｳﾋｶﾘﾉｳｷﾖｳ,常総ひかり農協,4413,4413
867,茨城むつみ農協,ｲﾊﾞﾗｷﾑﾂﾐﾉｳｷﾖｳ,茨城むつみ農協,4422,4422
868,岩井農協,ｲﾜｲﾉｳｷﾖｳ,岩井農協,4425,4425
869,宇都宮農協,ｳﾂﾉﾐﾔﾉｳｷﾖｳ,宇都宮農協,4445,4445
870,上都賀農協,ｶﾐﾂｶﾞﾉｳｷﾖｳ,上都賀農協,4456,4456
871,はが野農協,ﾊｶﾞﾉﾉｳｷﾖｳ,はが野農協,4463,4463
872,下野農協,ｼﾓﾂｹﾉｳｷﾖｳ,下野農協,4478,4478
873,小山農協,ｵﾔﾏﾉｳｷﾖｳ,小山農協,4490,4490
874,塩野谷農協,ｼｵﾉﾔﾉｳｷﾖｳ,塩野谷農協,4497,4497
875,那須野農協,ﾅｽﾉﾉｳｷﾖｳ,那須野農協,4507,4507
876,那須南農協,ﾅｽﾐﾅﾐﾉｳｷﾖｳ,那須南農協,4518,4518
877,佐野農協,ｻﾉﾉｳｷﾖｳ,佐野農協,4523,4523
878,足利市農協,ｱｼｶｶﾞｼﾉｳｷﾖｳ,足利市農協,4533,4533
879,赤城橘農協,ｱｶｷﾞﾀﾁﾊﾞﾅﾉｳｷﾖｳ,赤城橘農協,4540,4540
880,前橋市農協,ﾏｴﾊﾞｼｼﾉｳｷﾖｳ,前橋市農協,4544,4544
881,高崎市農協,ﾀｶｻｷｼﾉｳｷﾖｳ,高崎市農協,4563,4563
882,はぐくみ農協,ﾊｸﾞｸﾐﾉｳｷﾖｳ,はぐくみ農協,4567,4567
883,北群渋川農協,ｷﾀｸﾞﾝｼﾌﾞｶﾜﾉｳｷﾖｳ,北群渋川農協,4593,4593
884,多野藤岡農協,ﾀﾉﾌｼﾞｵｶﾉｳｷﾖｳ,多野藤岡農協,4594,4594
885,甘楽富岡農協,ｶﾝﾗﾄﾐｵｶﾉｳｷﾖｳ,甘楽富岡農協,4608,4608
886,碓氷安中農協,ｳｽｲｱﾝﾅｶﾉｳｷﾖｳ,碓氷安中農協,4613,4613
887,あがつま農協,ｱｶﾞﾂﾏﾉｳｷﾖｳ,あがつま農協,4626,4626
888,嬬恋村農協,ﾂﾏｺﾞｲﾑﾗﾉｳｷﾖｳ,嬬恋村農協,4628,4628
889,利根沼田農協,ﾄﾈﾇﾏﾀﾉｳｷﾖｳ,利根沼田農協,4632,4632
890,佐波伊勢崎農協,ｻﾜｲｾｻｷﾉｳｷﾖｳ,佐波伊勢崎農協,4652,4652
891,新田みどり農協,ﾆﾂﾀﾐﾄﾞﾘﾉｳｷﾖｳ,新田みどり農協,4664,4664
892,太田市農協,ｵｵﾀｼﾉｳｷﾖｳ,太田市農協,4665,4665
893,邑楽館林農協,ｵｳﾗﾀﾃﾊﾞﾔｼﾉｳｷﾖｳ,邑楽館林農協,4677,4677
894,さいたま農協,ｻｲﾀﾏﾉｳｷﾖｳ,さいたま農協,4682,4682
895,戸田市農協,ﾄﾀﾞｼﾉｳｷﾖｳ,戸田市農協,4688,4688
896,川口市農協,ｶﾜｸﾞﾁｼﾉｳｷﾖｳ,川口市農協,4691,4691
897,あゆみ野農協,ｱﾕﾐﾉﾉｳｷﾖｳ,あゆみ野農協,4693,4693
898,鴻巣市農協,ｺｳﾉｽｼﾉｳｷﾖｳ,鴻巣市農協,4714,4714
899,あだち野農協,ｱﾀﾞﾁﾉﾉｳｷﾖｳ,あだち野農協,4726,4726
900,あさか野農協,ｱｻｶﾉﾉｳｷﾖｳ,あさか野農協,4730,4730
901,いるま野農協,ｲﾙﾏﾉﾉｳｷﾖｳ,いるま野農協,4735,4735
902,埼玉中央農協,ｻｲﾀﾏﾁﾕｳｵｳﾉｳｷﾖｳ,埼玉中央農協,4780,4780
903,ちちぶ農協,ﾁﾁﾌﾞﾉｳｷﾖｳ,ちちぶ農協,4792,4792
904,埼玉ひびきの農協,ｻｲﾀﾏﾋﾋﾞｷﾉﾉｳｷﾖｳ,埼玉ひびきの農協,4802,4802
905,くまがや農協,ｸﾏｶﾞﾔﾉｳｷﾖｳ,くまがや農協,4808,4808
906,埼玉岡部農協,ｻｲﾀﾏｵｶﾍﾞﾉｳｷﾖｳ,埼玉岡部農協,4820,4820
907,榛沢農協,ﾊﾝｻﾞﾜﾉｳｷﾖｳ,榛沢農協,4821,4821
908,花園農協,ﾊﾅｿﾞﾉﾉｳｷﾖｳ,花園農協,4823,4823
909,ほくさい農協,ﾎｸｻｲﾉｳｷﾖｳ,ほくさい農協,4828,4828
910,越谷市農協,ｺｼｶﾞﾔｼﾉｳｷﾖｳ,越谷市農協,4847,4847
911,南彩農協,ﾅﾝｻｲﾉｳｷﾖｳ,南彩農協,4848,4848
912,埼玉みずほ農協,ｻｲﾀﾏﾐｽﾞﾎﾉｳｷﾖｳ,埼玉みずほ農協,4859,4859
913,さいかつ農協,ｻｲｶﾂﾉｳｷﾖｳ,さいかつ農協,4864,4864
914,ふかや農協,ﾌｶﾔﾉｳｷﾖｳ,ふかや農協,4874,4874
915,安房農協,ｱﾜﾉｳｷﾖｳ,安房農協,4876,4876
916,いすみ農協,ｲｽﾐﾉｳｷﾖｳ,いすみ農協,4893,4893
917,木更津市農協,ｷｻﾗﾂﾞｼﾉｳｷﾖｳ,木更津市農協,4902,4902
918,君津市農協,ｷﾐﾂｼﾉｳｷﾖｳ,君津市農協,4909,4909
919,長生農協,ﾁﾖｳｾｲﾉｳｷﾖｳ,長生農協,4916,4916
920,山武郡市農協,ｻﾝﾌﾞｸﾞﾝｼﾉｳｷﾖｳ,山武郡市農協,4929,4929
921,市原市農協,ｲﾁﾊﾗｼﾉｳｷﾖｳ,市原市農協,4949,4949
922,千葉みらい農協,ﾁﾊﾞﾐﾗｲﾉｳｷﾖｳ,千葉みらい農協,4954,4954
923,八千代市農協,ﾔﾁﾖｼﾉｳｷﾖｳ,八千代市農協,4955,4955
924,市川市農協,ｲﾁｶﾜｼﾉｳｷﾖｳ,市川市農協,4959,4959
925,東葛ふたば農協,ﾄｳｶﾂﾌﾀﾊﾞﾉｳｷﾖｳ,東葛ふたば農協,4962,4962
926,とうかつ中央農協,ﾄｳｶﾂﾁﾕｳｵｳﾉｳｷﾖｳ,とうかつ中央農協,4965,4965
927,ちば東葛農協,ﾁﾊﾞﾄｳｶﾂﾉｳｷﾖｳ,ちば東葛農協,4975,4975
928,いんば農協,ｲﾝﾊﾞﾉｳｷﾖｳ,いんば農協,4988,4988
929,成田市農協,ﾅﾘﾀｼﾉｳｷﾖｳ,成田市農協,4992,4992
930,富里市農協,ﾄﾐｻﾄｼﾉｳｷﾖｳ,富里市農協,4993,4993
931,西印旛農協,ﾆｼｲﾝﾊﾞﾉｳｷﾖｳ,西印旛農協,4996,4996
932,かとり農協,ｶﾄﾘﾉｳｷﾖｳ,かとり農協,5000,5000
933,佐原農協,ｻﾜﾗﾉｳｷﾖｳ,佐原農協,5002,5002
934,多古町農協,ﾀｺﾏﾁﾉｳｷﾖｳ,多古町農協,5011,5011
935,ちばみどり農協,ﾁﾊﾞﾐﾄﾞﾘﾉｳｷﾖｳ,ちばみどり農協,5016,5016
936,西東京農協,ﾆｼﾄｳｷﾖｳﾉｳｷﾖｳ,西東京農協,5030,5030
937,西多摩農協,ﾆｼﾀﾏﾉｳｷﾖｳ,西多摩農協,5037,5037
938,秋川農協,ｱｷｶﾞﾜﾉｳｷﾖｳ,秋川農協,5039,5039
939,八王子市農協,ﾊﾁｵｳｼﾞｼﾉｳｷﾖｳ,八王子市農協,5050,5050
940,東京南農協,ﾄｳｷﾖｳﾐﾅﾐﾉｳｷﾖｳ,東京南農協,5055,5055
941,町田市農協,ﾏﾁﾀﾞｼﾉｳｷﾖｳ,町田市農協,5060,5060
942,マインズ農協,ﾏｲﾝｽﾞﾉｳｷﾖｳ,マインズ農協,5070,5070
943,東京みどり農協,ﾄｳｷﾖｳﾐﾄﾞﾘﾉｳｷﾖｳ,東京みどり農協,5072,5072
944,東京みらい農協,ﾄｳｷﾖｳﾐﾗｲﾉｳｷﾖｳ,東京みらい農協,5077,5077
945,東京むさし農協,ﾄｳｷﾖｳﾑｻｼﾉｳｷﾖｳ,東京むさし農協,5087,5087
946,東京中央農協,ﾄｳｷﾖｳﾁﾕｳｵｳﾉｳｷﾖｳ,東京中央農協,5094,5094
947,世田谷目黒農協,ｾﾀｶﾞﾔﾒｸﾞﾛﾉｳｷﾖｳ,世田谷目黒農協,5095,5095
948,東京あおば農協,ﾄｳｷﾖｳｱｵﾊﾞﾉｳｷﾖｳ,東京あおば農協,5097,5097
949,東京スマイル農協,ﾄｳｷﾖｳｽﾏｲﾙﾉｳｷﾖｳ,東京スマイル農協,5100,5100
950,東京島しょ農協,ﾄｳｷﾖｳﾄｳｼﾖﾉｳｷﾖｳ,東京島しょ農協,5111,5111
951,横浜農協,ﾖｺﾊﾏﾉｳｷﾖｳ,横浜農協,5114,5114
952,田奈農協,ﾀﾅﾉｳｷﾖｳ,田奈農協,5115,5115
953,セレサ川崎農協,ｾﾚｻｶﾜｻｷﾉｳｷﾖｳ,セレサ川崎農協,5123,5123
954,よこすか葉山農協,ﾖｺｽｶﾊﾔﾏﾉｳｷﾖｳ,よこすか葉山農協,5128,5128
955,三浦市農協,ﾐｳﾗｼﾉｳｷﾖｳ,三浦市農協,5130,5130
956,さがみ農協,ｻｶﾞﾐﾉｳｷﾖｳ,さがみ農協,5131,5131
957,湘南農協,ｼﾖｳﾅﾝﾉｳｷﾖｳ,湘南農協,5137,5137
958,伊勢原市農協,ｲｾﾊﾗｼﾉｳｷﾖｳ,伊勢原市農協,5139,5139
959,秦野市農協,ﾊﾀﾞﾉｼﾉｳｷﾖｳ,秦野市農協,5140,5140
960,かながわ西湘農協,ｶﾅｶﾞﾜｾｲｼﾖｳﾉｳｷﾖｳ,かながわ西湘農協,5147,5147
961,厚木市農協,ｱﾂｷﾞｼﾉｳｷﾖｳ,厚木市農協,5152,5152
962,県央愛川農協,ｹﾝｵｳｱｲｶﾜﾉｳｷﾖｳ,県央愛川農協,5153,5153
963,相模原市農協,ｻｶﾞﾐﾊﾗｼﾉｳｷﾖｳ,相模原市農協,5159,5159
964,津久井郡農協,ﾂｸｲｸﾞﾝﾉｳｷﾖｳ,津久井郡農協,5162,5162
965,フルーツ山梨農協,ﾌﾙ-ﾂﾔﾏﾅｼﾉｳｷﾖｳ,フルーツ山梨農協,5169,5169
966,笛吹農協,ﾌｴﾌｷﾉｳｷﾖｳ,笛吹農協,5199,5199
967,西八代郡農協,ﾆｼﾔﾂｼﾛｸﾞﾝﾉｳｷﾖｳ,西八代郡農協,5207,5207
968,ふじかわ農協,ﾌｼﾞｶﾜﾉｳｷﾖｳ,ふじかわ農協,5209,5209
969,甲府市農協,ｺｳﾌｼﾉｳｷﾖｳ,甲府市農協,5222,5222
970,中巨摩東部農協,ﾅｶｺﾏﾄｳﾌﾞﾉｳｷﾖｳ,中巨摩東部農協,5234,5234
971,巨摩野農協,ｺﾏﾉﾉｳｷﾖｳ,巨摩野農協,5243,5243
972,梨北農協,ﾘﾎｸﾉｳｷﾖｳ,梨北農協,5260,5260
973,クレイン農協,ｸﾚｲﾝﾉｳｷﾖｳ,クレイン農協,5272,5272
974,北富士農協,ｷﾀﾌｼﾞﾉｳｷﾖｳ,北富士農協,5284,5284
975,鳴沢村農協,ﾅﾙｻﾜﾑﾗﾉｳｷﾖｳ,鳴沢村農協,5287,5287
976,長野八ヶ岳農協,ﾅｶﾞﾉﾔﾂｶﾞﾀｹﾉｳｷﾖｳ,長野八ヶ岳農協,5311,5311
977,川上物産農協,ｶﾜｶﾐﾌﾞﾂｻﾝﾉｳｷﾖｳ,川上物産農協,5330,5330
978,佐久浅間農協,ｻｸｱｻﾏﾉｳｷﾖｳ,佐久浅間農協,5335,5335
979,信州うえだ農協,ｼﾝｼﾕｳｳｴﾀﾞﾉｳｷﾖｳ,信州うえだ農協,5348,5348
980,信州諏訪農協,ｼﾝｼﾕｳｽﾜﾉｳｷﾖｳ,信州諏訪農協,5372,5372
981,上伊那農協,ｶﾐｲﾅﾉｳｷﾖｳ,上伊那農協,5384,5384
982,みなみ信州農協,ﾐﾅﾐｼﾝｼﾕｳﾉｳｷﾖｳ,みなみ信州農協,5405,5405
983,下伊那園芸農協,ｼﾓｲﾅｴﾝｹﾞｲﾉｳｷﾖｳ,下伊那園芸農協,5437,5437
984,木曽農協,ｷｿﾉｳｷﾖｳ,木曽農協,5441,5441
985,松本市農協,ﾏﾂﾓﾄｼﾉｳｷﾖｳ,松本市農協,5447,5447
986,松本ハイランド農協,ﾏﾂﾓﾄﾊｲﾗﾝﾄﾞﾉｳｷﾖｳ,松本ハイランド農協,5448,5448
987,塩尻市農協,ｼｵｼﾞﾘｼﾉｳｷﾖｳ,塩尻市農協,5449,5449
988,洗馬農協,ｾﾊﾞﾉｳｷﾖｳ,洗馬農協,5462,5462
989,あづみ農協,ｱﾂﾞﾐﾉｳｷﾖｳ,あづみ農協,5466,5466
990,大北農協,ﾀﾞｲﾎｸﾉｳｷﾖｳ,大北農協,5470,5470
991,グリーン長野農協,ｸﾞﾘ-ﾝﾅｶﾞﾉﾉｳｷﾖｳ,グリーン長野農協,5477,5477
992,ちくま農協,ﾁｸﾏﾉｳｷﾖｳ,ちくま農協,5483,5483
993,須高農協,ｽｺｳﾉｳｷﾖｳ,須高農協,5485,5485
994,中野市農協,ﾅｶﾉｼﾉｳｷﾖｳ,中野市農協,5491,5491
995,志賀高原農協,ｼｶﾞｺｳｹﾞﾝﾉｳｷﾖｳ,志賀高原農協,5493,5493
996,ながの農協,ﾅｶﾞﾉﾉｳｷﾖｳ,ながの農協,5499,5499
997,北信州みゆき農協,ｷﾀｼﾝｼﾕｳﾐﾕｷﾉｳｷﾖｳ,北信州みゆき農協,5524,5524
998,北蒲みなみ農協,ｷﾀｶﾝﾐﾅﾐﾉｳｷﾖｳ,北蒲みなみ農協,5541,5541
999,ささかみ農協,ｻｻｶﾐﾉｳｷﾖｳ,ささかみ農協,5542,5542
1000,豊栄農協,ﾄﾖｻｶﾉｳｷﾖｳ,豊栄農協,5550,5550
1001,北越後農協,ｷﾀｴﾁｺﾞﾉｳｷﾖｳ,北越後農協,5554,5554
1002,胎内市農協,ﾀｲﾅｲｼﾉｳｷﾖｳ,胎内市農協,5568,5568
1003,新潟みらい農協,ﾆｲｶﾞﾀﾐﾗｲﾉｳｷﾖｳ,新潟みらい農協,5577,5577
1004,新津さつき農協,ﾆｲﾂｻﾂｷﾉｳｷﾖｳ,新津さつき農協,5585,5585
1005,越後中央農協,ｴﾁｺﾞﾁﾕｳｵｳﾉｳｷﾖｳ,越後中央農協,5600,5600
1006,にいがた南蒲農協,ﾆｲｶﾞﾀﾅﾝｶﾝﾉｳｷﾖｳ,にいがた南蒲農協,5631,5631
1007,越後ながおか農協,ｴﾁｺﾞﾅｶﾞｵｶﾉｳｷﾖｳ,越後ながおか農協,5666,5666
1008,越後さんとう農協,ｴﾁｺﾞｻﾝﾄｳﾉｳｷﾖｳ,越後さんとう農協,5685,5685
1009,越後おぢや農協,ｴﾁｺﾞｵﾁﾞﾔﾉｳｷﾖｳ,越後おぢや農協,5690,5690
1010,北魚沼農協,ｷﾀｳｵﾇﾏﾉｳｷﾖｳ,北魚沼農協,5693,5693
1011,しおざわ農協,ｼｵｻﾞﾜﾉｳｷﾖｳ,しおざわ農協,5706,5706
1012,魚沼みなみ農協,ｳｵﾇﾏﾐﾅﾐﾉｳｷﾖｳ,魚沼みなみ農協,5707,5707
1013,十日町農協,ﾄｵｶﾏﾁﾉｳｷﾖｳ,十日町農協,5714,5714
1014,津南町農協,ﾂﾅﾝﾏﾁﾉｳｷﾖｳ,津南町農協,5719,5719
1015,柏崎農協,ｶｼﾜｻﾞｷﾉｳｷﾖｳ,柏崎農協,5720,5720
1016,えちご上越農協,ｴﾁｺﾞｼﾞﾖｳｴﾂﾉｳｷﾖｳ,えちご上越農協,5768,5768
1017,ひすい農協,ﾋｽｲﾉｳｷﾖｳ,ひすい農協,5797,5797
1018,かみはやし農協,ｶﾐﾊﾔｼﾉｳｷﾖｳ,かみはやし農協,5815,5815
1019,にいがた岩船農協,ﾆｲｶﾞﾀｲﾜﾌﾈﾉｳｷﾖｳ,にいがた岩船農協,5823,5823
1020,佐渡農協,ｻﾄﾞﾉｳｷﾖｳ,佐渡農協,5832,5832
1021,羽茂農協,ﾊﾓﾁﾉｳｷﾖｳ,羽茂農協,5847,5847
1022,新潟市農協,ﾆｲｶﾞﾀｼﾉｳｷﾖｳ,新潟市農協,5864,5864
1023,みな穂農協,ﾐﾅﾎﾉｳｷﾖｳ,みな穂農協,5877,5877
1024,黒部農協,ｸﾛﾍﾞﾉｳｷﾖｳ,黒部農協,5883,5883
1025,黒部市信用農協,ｸﾛﾍﾞｼｼﾝﾖｳﾉｳｷﾖｳ,黒部市信用農協,5884,5884
1026,魚津市農協,ｳｵﾂﾞｼﾉｳｷﾖｳ,魚津市農協,5885,5885
1027,アルプス農協,ｱﾙﾌﾟｽﾉｳｷﾖｳ,アルプス農協,5888,5888
1028,あおば農協,ｱｵﾊﾞﾉｳｷﾖｳ,あおば農協,5895,5895
1029,富山市農協,ﾄﾔﾏｼﾉｳｷﾖｳ,富山市農協,5897,5897
1030,なのはな農協,ﾅﾉﾊﾅﾉｳｷﾖｳ,なのはな農協,5898,5898
1031,鵜坂農協,ｳｻｶﾉｳｷﾖｳ,鵜坂農協,5905,5905
1032,山田村農協,ﾔﾏﾀﾞﾑﾗﾉｳｷﾖｳ,山田村農協,5906,5906
1033,いみず野農協,ｲﾐｽﾞﾉﾉｳｷﾖｳ,いみず野農協,5911,5911
1034,高岡市農協,ﾀｶｵｶｼﾉｳｷﾖｳ,高岡市農協,5916,5916
1035,氷見市農協,ﾋﾐｼﾉｳｷﾖｳ,氷見市農協,5920,5920
1036,となみ野農協,ﾄﾅﾐﾉﾉｳｷﾖｳ,となみ野農協,5921,5921
1037,なんと農協,ﾅﾝﾄﾉｳｷﾖｳ,なんと農協,5927,5927
1038,いなば農協,ｲﾅﾊﾞﾉｳｷﾖｳ,いなば農協,5932,5932
1039,福光農協,ﾌｸﾐﾂﾉｳｷﾖｳ,福光農協,5935,5935
1040,加賀農協,ｶｶﾞﾉｳｷﾖｳ,加賀農協,5943,5943
1041,小松市農協,ｺﾏﾂｼﾉｳｷﾖｳ,小松市農協,5962,5962
1042,根上農協,ﾈｱｶﾞﾘﾉｳｷﾖｳ,根上農協,5980,5980
1043,能美農協,ﾉﾐﾉｳｷﾖｳ,能美農協,5982,5982
1044,松任市農協,ﾏﾂﾄｳｼﾉｳｷﾖｳ,松任市農協,5997,5997
1045,野々市農協,ﾉﾉｲﾁﾉｳｷﾖｳ,野々市農協,6010,6010
1046,白山農協,ﾊｸｻﾝﾉｳｷﾖｳ,白山農協,6012,6012
1047,金沢中央農協,ｶﾅｻﾞﾜﾁﾕｳｵｳﾉｳｷﾖｳ,金沢中央農協,6024,6024
1048,金沢市農協,ｶﾅｻﾞﾜｼﾉｳｷﾖｳ,金沢市農協,6025,6025
1049,石川かほく農協,ｲｼｶﾜｶﾎｸﾉｳｷﾖｳ,石川かほく農協,6062,6062
1050,はくい農協,ﾊｸｲﾉｳｷﾖｳ,はくい農協,6076,6076
1051,志賀農協,ｼｶﾉｳｷﾖｳ,志賀農協,6084,6084
1052,能登わかば農協,ﾉﾄﾜｶﾊﾞﾉｳｷﾖｳ,能登わかば農協,6094,6094
1053,おおぞら農協,ｵｵｿﾞﾗﾉｳｷﾖｳ,おおぞら農協,6113,6113
1054,町野町農協,ﾏﾁﾉﾏﾁﾉｳｷﾖｳ,町野町農協,6117,6117
1055,内浦町農協,ｳﾁｳﾗﾏﾁﾉｳｷﾖｳ,内浦町農協,6121,6121
1056,珠洲市農協,ｽｽﾞｼﾉｳｷﾖｳ,珠洲市農協,6122,6122
1057,ぎふ農協,ｷﾞﾌﾉｳｷﾖｳ,ぎふ農協,6129,6129
1058,西美濃農協,ﾆｼﾐﾉﾉｳｷﾖｳ,西美濃農協,6175,6175
1059,いび川農協,ｲﾋﾞｶﾞﾜﾉｳｷﾖｳ,いび川農協,6198,6198
1060,めぐみの農協,ﾒｸﾞﾐﾉﾉｳｷﾖｳ,めぐみの農協,6242,6242
1061,陶都信用農協,ﾄｳﾄｼﾝﾖｳﾉｳｷﾖｳ,陶都信用農協,6265,6265
1062,東美濃農協,ﾋｶﾞｼﾐﾉﾉｳｷﾖｳ,東美濃農協,6287,6287
1063,飛騨農協,ﾋﾀﾞﾉｳｷﾖｳ,飛騨農協,6313,6313
1064,伊豆太陽農協,ｲｽﾞﾀｲﾖｳﾉｳｷﾖｳ,伊豆太陽農協,6328,6328
1065,三島函南農協,ﾐｼﾏｶﾝﾅﾐﾉｳｷﾖｳ,三島函南農協,6333,6333
1066,伊豆の国農協,ｲｽﾞﾉｸﾆﾉｳｷﾖｳ,伊豆の国農協,6338,6338
1067,あいら伊豆農協,ｱｲﾗｲｽﾞﾉｳｷﾖｳ,あいら伊豆農協,6342,6342
1068,南駿農協,ﾅﾝｽﾝﾉｳｷﾖｳ,南駿農協,6345,6345
1069,御殿場農協,ｺﾞﾃﾝﾊﾞﾉｳｷﾖｳ,御殿場農協,6351,6351
1070,富士市農協,ﾌｼﾞｼﾉｳｷﾖｳ,富士市農協,6355,6355
1071,富士宮農協,ﾌｼﾞﾉﾐﾔﾉｳｷﾖｳ,富士宮農協,6357,6357
1072,清水農協,ｼﾐｽﾞﾉｳｷﾖｳ,清水農協,6363,6363
1073,静岡市農協,ｼｽﾞｵｶｼﾉｳｷﾖｳ,静岡市農協,6373,6373
1074,大井川農協,ｵｵｲｶﾞﾜﾉｳｷﾖｳ,大井川農協,6377,6377
1075,ハイナン農協,ﾊｲﾅﾝﾉｳｷﾖｳ,ハイナン農協,6382,6382
1076,掛川市農協,ｶｹｶﾞﾜｼﾉｳｷﾖｳ,掛川市農協,6386,6386
1077,遠州夢咲農協,ｴﾝｼﾕｳﾕﾒｻｷﾉｳｷﾖｳ,遠州夢咲農協,6387,6387
1078,遠州中央農協,ｴﾝｼﾕｳﾁﾕｳｵｳﾉｳｷﾖｳ,遠州中央農協,6391,6391
1079,とぴあ浜松農協,ﾄﾋﾟｱﾊﾏﾏﾂﾉｳｷﾖｳ,とぴあ浜松農協,6403,6403
1080,三ケ日町農協,ﾐﾂｶﾋﾞﾁﾖｳﾉｳｷﾖｳ,三ケ日町農協,6423,6423
1081,三方原開拓農協,ﾐｶﾀﾊﾗｶｲﾀｸﾉｳｷﾖｳ,三方原開拓農協,6426,6426
1082,なごや農協,ﾅｺﾞﾔﾉｳｷﾖｳ,なごや農協,6430,6430
1083,天白信用農協,ﾃﾝﾊﾟｸｼﾝﾖｳﾉｳｷﾖｳ,天白信用農協,6436,6436
1084,緑信用農協,ﾐﾄﾞﾘｼﾝﾖｳﾉｳｷﾖｳ,緑信用農協,6443,6443
1085,尾張中央農協,ｵﾜﾘﾁﾕｳｵｳﾉｳｷﾖｳ,尾張中央農協,6451,6451
1086,西春日井農協,ﾆｼｶｽｶﾞｲﾉｳｷﾖｳ,西春日井農協,6456,6456
1087,あいち尾東農協,ｱｲﾁﾋﾞﾄｳﾉｳｷﾖｳ,あいち尾東農協,6466,6466
1088,愛知北農協,ｱｲﾁｷﾀﾉｳｷﾖｳ,愛知北農協,6470,6470
1089,愛知西農協,ｱｲﾁﾆｼﾉｳｷﾖｳ,愛知西農協,6483,6483
1090,海部東農協,ｱﾏﾋｶﾞｼﾉｳｷﾖｳ,海部東農協,6503,6503
1091,あいち海部農協,ｱｲﾁｱﾏﾉｳｷﾖｳ,あいち海部農協,6514,6514
1092,あいち知多農協,ｱｲﾁﾁﾀﾉｳｷﾖｳ,あいち知多農協,6531,6531
1093,あいち中央農協,ｱｲﾁﾁﾕｳｵｳﾉｳｷﾖｳ,あいち中央農協,6552,6552
1094,西三河農協,ﾆｼﾐｶﾜﾉｳｷﾖｳ,西三河農協,6560,6560
1095,あいち三河農協,ｱｲﾁﾐｶﾜﾉｳｷﾖｳ,あいち三河農協,6572,6572
1096,あいち豊田農協,ｱｲﾁﾄﾖﾀﾉｳｷﾖｳ,あいち豊田農協,6582,6582
1097,愛知東農協,ｱｲﾁﾋｶﾞｼﾉｳｷﾖｳ,愛知東農協,6591,6591
1098,蒲郡市農協,ｶﾞﾏｺﾞｵﾘｼﾉｳｷﾖｳ,蒲郡市農協,6606,6606
1099,ひまわり農協,ﾋﾏﾜﾘﾉｳｷﾖｳ,ひまわり農協,6612,6612
1100,愛知みなみ農協,ｱｲﾁﾐﾅﾐﾉｳｷﾖｳ,愛知みなみ農協,6615,6615
1101,豊橋農協,ﾄﾖﾊｼﾉｳｷﾖｳ,豊橋農協,6618,6618
1102,三重北農協,ﾐｴｷﾀﾉｳｷﾖｳ,三重北農協,6649,6649
1103,鈴鹿農協,ｽｽﾞｶﾉｳｷﾖｳ,鈴鹿農協,6665,6665
1104,津安芸農協,ﾂｱｹﾞﾉｳｷﾖｳ,津安芸農協,6673,6673
1105,三重中央農協,ﾐｴﾁﾕｳｵｳﾉｳｷﾖｳ,三重中央農協,6677,6677
1106,一志東部農協,ｲﾁｼﾄｳﾌﾞﾉｳｷﾖｳ,一志東部農協,6678,6678
1107,松阪農協,ﾏﾂｻｶﾉｳｷﾖｳ,松阪農協,6690,6690
1108,多気郡農協,ﾀｷｸﾞﾝﾉｳｷﾖｳ,多気郡農協,6697,6697
1109,伊勢農協,ｲｾﾉｳｷﾖｳ,伊勢農協,6731,6731
1110,鳥羽志摩農協,ﾄﾊﾞｼﾏﾉｳｷﾖｳ,鳥羽志摩農協,6741,6741
1111,伊賀北部農協,ｲｶﾞﾎｸﾌﾞﾉｳｷﾖｳ,伊賀北部農協,6758,6758
1112,伊賀南部農協,ｲｶﾞﾅﾝﾌﾞﾉｳｷﾖｳ,伊賀南部農協,6762,6762
1113,三重南紀農協,ﾐｴﾅﾝｷﾉｳｷﾖｳ,三重南紀農協,6770,6770
1114,福井市農協,ﾌｸｲｼﾉｳｷﾖｳ,福井市農協,6785,6785
1115,福井市南部農協,ﾌｸｲｼﾅﾝﾌﾞﾉｳｷﾖｳ,福井市南部農協,6789,6789
1116,吉田郡農協,ﾖｼﾀﾞｸﾞﾝﾉｳｷﾖｳ,吉田郡農協,6805,6805
1117,花咲ふくい農協,ﾊﾅｻｷﾌｸｲﾉｳｷﾖｳ,花咲ふくい農協,6810,6810
1118,春江農協,ﾊﾙｴﾉｳｷﾖｳ,春江農協,6823,6823
1119,テラル越前農協,ﾃﾗﾙｴﾁｾﾞﾝﾉｳｷﾖｳ,テラル越前農協,6832,6832
1120,福井丹南農協,ﾌｸｲﾀﾝﾅﾝﾉｳｷﾖｳ,福井丹南農協,6836,6836
1121,福井池田町農協,ﾌｸｲｲｹﾀﾞﾁﾖｳﾉｳｷﾖｳ,福井池田町農協,6838,6838
1122,越前丹生農協,ｴﾁｾﾞﾝﾆﾕｳﾉｳｷﾖｳ,越前丹生農協,6841,6841
1123,越前たけふ農協,ｴﾁｾﾞﾝﾀｹﾌﾉｳｷﾖｳ,越前たけふ農協,6853,6853
1124,敦賀美方農協,ﾂﾙｶﾞﾐｶﾀﾉｳｷﾖｳ,敦賀美方農協,6860,6860
1125,若狭農協,ﾜｶｻﾉｳｷﾖｳ,若狭農協,6863,6863
1126,レーク滋賀農協,ﾚ-ｸｼｶﾞﾉｳｷﾖｳ,レーク滋賀農協,6874,6874
1127,草津市農協,ｸｻﾂｼﾉｳｷﾖｳ,草津市農協,6883,6883
1128,栗東市農協,ﾘﾂﾄｳｼﾉｳｷﾖｳ,栗東市農協,6885,6885
1129,おうみ冨士農協,ｵｳﾐﾌｼﾞﾉｳｷﾖｳ,おうみ冨士農協,6888,6888
1130,甲賀農協,ｺｳｶﾉｳｷﾖｳ,甲賀農協,6889,6889
1131,グリーン近江農協,ｸﾞﾘ-ﾝｵｳﾐﾉｳｷﾖｳ,グリーン近江農協,6897,6897
1132,滋賀蒲生町農協,ｼｶﾞｶﾞﾓｳﾁﾖｳﾉｳｷﾖｳ,滋賀蒲生町農協,6900,6900
1133,東能登川農協,ﾋｶﾞｼﾉﾄｶﾞﾜﾉｳｷﾖｳ,東能登川農協,6909,6909
1134,湖東農協,ｺﾄｳﾉｳｷﾖｳ,湖東農協,6911,6911
1135,東びわこ農協,ﾋｶﾞｼﾋﾞﾜｺﾉｳｷﾖｳ,東びわこ農協,6912,6912
1136,レーク伊吹農協,ﾚ-ｸｲﾌﾞｷﾉｳｷﾖｳ,レーク伊吹農協,6919,6919
1137,北びわこ農協,ｷﾀﾋﾞﾜｺﾉｳｷﾖｳ,北びわこ農協,6924,6924
1138,マキノ町農協,ﾏｷﾉﾁﾖｳﾉｳｷﾖｳ,マキノ町農協,6931,6931
1139,今津町農協,ｲﾏﾂﾞﾁﾖｳﾉｳｷﾖｳ,今津町農協,6932,6932
1140,新旭町農協,ｼﾝｱｻﾋﾁﾖｳﾉｳｷﾖｳ,新旭町農協,6933,6933
1141,西びわこ農協,ﾆｼﾋﾞﾜｺﾉｳｷﾖｳ,西びわこ農協,6935,6935
1142,京都市農協,ｷﾖｳﾄｼﾉｳｷﾖｳ,京都市農協,6941,6941
1143,京都中央農協,ｷﾖｳﾄﾁﾕｳｵｳﾉｳｷﾖｳ,京都中央農協,6956,6956
1144,京都やましろ農協,ｷﾖｳﾄﾔﾏｼﾛﾉｳｷﾖｳ,京都やましろ農協,6961,6961
1145,京都農協,ｷﾖｳﾄﾉｳｷﾖｳ,京都農協,6990,6990
1146,京都丹の国農協,ｷﾖｳﾄﾆﾉｸﾆﾉｳｷﾖｳ,京都丹の国農協,6996,6996
1147,北大阪農協,ｷﾀｵｵｻｶﾉｳｷﾖｳ,北大阪農協,7025,7025
1148,高槻市農協,ﾀｶﾂｷｼﾉｳｷﾖｳ,高槻市農協,7029,7029
1149,茨木市農協,ｲﾊﾞﾗｷｼﾉｳｷﾖｳ,茨木市農協,7032,7032
1150,大阪北部農協,ｵｵｻｶﾎｸﾌﾞﾉｳｷﾖｳ,大阪北部農協,7041,7041
1151,大阪泉州農協,ｵｵｻｶｾﾝｼﾕｳﾉｳｷﾖｳ,大阪泉州農協,7087,7087
1152,いずみの農協,ｲｽﾞﾐﾉﾉｳｷﾖｳ,いずみの農協,7092,7092
1153,堺市農協,ｻｶｲｼﾉｳｷﾖｳ,堺市農協,7111,7111
1154,大阪南農協,ｵｵｻｶﾐﾅﾐﾉｳｷﾖｳ,大阪南農協,7139,7139
1155,グリーン大阪農協,ｸﾞﾘ-ﾝｵｵｻｶﾉｳｷﾖｳ,グリーン大阪農協,7156,7156
1156,大阪中河内農協,ｵｵｻｶﾅｶｶﾜﾁﾉｳｷﾖｳ,大阪中河内農協,7164,7164
1157,大阪東部農協,ｵｵｻｶﾄｳﾌﾞﾉｳｷﾖｳ,大阪東部農協,7184,7184
1158,九個荘農協,ｸｶｼﾖｳﾉｳｷﾖｳ,九個荘農協,7191,7191
1159,北河内農協,ｷﾀｶﾜﾁﾉｳｷﾖｳ,北河内農協,7193,7193
1160,大阪市農協,ｵｵｻｶｼﾉｳｷﾖｳ,大阪市農協,7200,7200
1161,兵庫六甲農協,ﾋﾖｳｺﾞﾛﾂｺｳﾉｳｷﾖｳ,兵庫六甲農協,7213,7213
1162,あかし農協,ｱｶｼﾉｳｷﾖｳ,あかし農協,7239,7239
1163,兵庫南農協,ﾋﾖｳｺﾞﾐﾅﾐﾉｳｷﾖｳ,兵庫南農協,7240,7240
1164,みのり農協,ﾐﾉﾘﾉｳｷﾖｳ,みのり農協,7249,7249
1165,兵庫みらい農協,ﾋﾖｳｺﾞﾐﾗｲﾉｳｷﾖｳ,兵庫みらい農協,7264,7264
1166,加古川市南農協,ｶｺｶﾞﾜｼﾐﾅﾐﾉｳｷﾖｳ,加古川市南農協,7274,7274
1167,兵庫西農協,ﾋﾖｳｺﾞﾆｼﾉｳｷﾖｳ,兵庫西農協,7288,7288
1168,相生市農協,ｱｲｵｲｼﾉｳｷﾖｳ,相生市農協,7316,7316
1169,ハリマ農協,ﾊﾘﾏﾉｳｷﾖｳ,ハリマ農協,7326,7326
1170,たじま農協,ﾀｼﾞﾏﾉｳｷﾖｳ,たじま農協,7338,7338
1171,丹波ひかみ農協,ﾀﾝﾊﾞﾋｶﾐﾉｳｷﾖｳ,丹波ひかみ農協,7353,7353
1172,丹波ささやま農協,ﾀﾝﾊﾞｻｻﾔﾏﾉｳｷﾖｳ,丹波ささやま農協,7362,7362
1173,淡路日の出農協,ｱﾜｼﾞﾋﾉﾃﾞﾉｳｷﾖｳ,淡路日の出農協,7363,7363
1174,あわじ島農協,ｱﾜｼﾞｼﾏﾉｳｷﾖｳ,あわじ島農協,7373,7373
1175,奈良県農協,ﾅﾗｹﾝﾉｳｷﾖｳ,奈良県農協,7387,7387
1176,わかやま農協,ﾜｶﾔﾏﾉｳｷﾖｳ,わかやま農協,7532,7532
1177,ながみね農協,ﾅｶﾞﾐﾈﾉｳｷﾖｳ,ながみね農協,7541,7541
1178,紀の里農協,ｷﾉｻﾄﾉｳｷﾖｳ,紀の里農協,7543,7543
1179,紀北川上農協,ｷﾎｸｶﾜｶﾐﾉｳｷﾖｳ,紀北川上農協,7550,7550
1180,ありだ農協,ｱﾘﾀﾞﾉｳｷﾖｳ,ありだ農協,7559,7559
1181,紀州中央農協,ｷｼﾕｳﾁﾕｳｵｳﾉｳｷﾖｳ,紀州中央農協,7565,7565
1182,グリーン日高農協,ｸﾞﾘ-ﾝﾋﾀﾞｶﾉｳｷﾖｳ,グリーン日高農協,7566,7566
1183,みなべいなみ農協,ﾐﾅﾍﾞｲﾅﾐﾉｳｷﾖｳ,みなべいなみ農協,7574,7574
1184,紀南農協,ｷﾅﾝﾉｳｷﾖｳ,紀南農協,7576,7576
1185,みくまの農協,ﾐｸﾏﾉﾉｳｷﾖｳ,みくまの農協,7591,7591
1186,鳥取いなば農協,ﾄﾂﾄﾘｲﾅﾊﾞﾉｳｷﾖｳ,鳥取いなば農協,7601,7601
1187,鳥取中央農協,ﾄﾂﾄﾘﾁﾕｳｵｳﾉｳｷﾖｳ,鳥取中央農協,7625,7625
1188,鳥取西部農協,ﾄﾂﾄﾘｾｲﾌﾞﾉｳｷﾖｳ,鳥取西部農協,7641,7641
1189,くにびき農協,ｸﾆﾋﾞｷﾉｳｷﾖｳ,くにびき農協,7670,7670
1190,やすぎ農協,ﾔｽｷﾞﾉｳｷﾖｳ,やすぎ農協,7687,7687
1191,隠岐農協,ｵｷﾉｳｷﾖｳ,隠岐農協,7691,7691
1192,隠岐どうぜん農協,ｵｷﾄﾞｳｾﾞﾝﾉｳｷﾖｳ,隠岐どうぜん農協,7693,7693
1193,雲南農協,ｳﾝﾅﾝﾉｳｷﾖｳ,雲南農協,7697,7697
1194,いずも農協,ｲｽﾞﾓﾉｳｷﾖｳ,いずも農協,7708,7708
1195,斐川町農協,ﾋｶﾜﾁﾖｳﾉｳｷﾖｳ,斐川町農協,7712,7712
1196,石見銀山農協,ｲﾜﾐｷﾞﾝｻﾞﾝﾉｳｷﾖｳ,石見銀山農協,7717,7717
1197,島根おおち農協,ｼﾏﾈｵｵﾁﾉｳｷﾖｳ,島根おおち農協,7729,7729
1198,いわみ中央農協,ｲﾜﾐﾁﾕｳｵｳﾉｳｷﾖｳ,いわみ中央農協,7735,7735
1199,西いわみ農協,ﾆｼｲﾜﾐﾉｳｷﾖｳ,西いわみ農協,7751,7751
1200,岡山市農協,ｵｶﾔﾏｼﾉｳｷﾖｳ,岡山市農協,7755,7755
1201,岡山東農協,ｵｶﾔﾏﾋｶﾞｼﾉｳｷﾖｳ,岡山東農協,7768,7768
1202,岡山西農協,ｵｶﾔﾏﾆｼﾉｳｷﾖｳ,岡山西農協,7794,7794
1203,倉敷かさや農協,ｸﾗｼｷｶｻﾔﾉｳｷﾖｳ,倉敷かさや農協,7825,7825
1204,びほく農協,ﾋﾞﾎｸﾉｳｷﾖｳ,びほく農協,7837,7837
1205,阿新農協,ｱｼﾝﾉｳｷﾖｳ,阿新農協,7847,7847
1206,真庭農協,ﾏﾆﾜﾉｳｷﾖｳ,真庭農協,7859,7859
1207,津山農協,ﾂﾔﾏﾉｳｷﾖｳ,津山農協,7868,7868
1208,勝英農協,ｼﾖｳｴｲﾉｳｷﾖｳ,勝英農協,7889,7889
1209,広島市農協,ﾋﾛｼﾏｼﾉｳｷﾖｳ,広島市農協,7909,7909
1210,呉農協,ｸﾚﾉｳｷﾖｳ,呉農協,7913,7913
1211,安芸農協,ｱｷﾉｳｷﾖｳ,安芸農協,7916,7916
1212,佐伯中央農協,ｻｲｷﾁﾕｳｵｳﾉｳｷﾖｳ,佐伯中央農協,7938,7938
1213,広島北部農協,ﾋﾛｼﾏﾎｸﾌﾞﾉｳｷﾖｳ,広島北部農協,7981,7981
1214,広島中央農協,ﾋﾛｼﾏﾁﾕｳｵｳﾉｳｷﾖｳ,広島中央農協,7994,7994
1215,芸南農協,ｹﾞｲﾅﾝﾉｳｷﾖｳ,芸南農協,8011,8011
1216,広島ゆたか農協,ﾋﾛｼﾏﾕﾀｶﾉｳｷﾖｳ,広島ゆたか農協,8019,8019
1217,三原農協,ﾐﾊﾗﾉｳｷﾖｳ,三原農協,8027,8027
1218,尾道市農協,ｵﾉﾐﾁｼﾉｳｷﾖｳ,尾道市農協,8029,8029
1219,福山市農協,ﾌｸﾔﾏｼﾉｳｷﾖｳ,福山市農協,8047,8047
1220,三次農協,ﾐﾖｼﾉｳｷﾖｳ,三次農協,8069,8069
1221,庄原農協,ｼﾖｳﾊﾞﾗﾉｳｷﾖｳ,庄原農協,8076,8076
1222,山口大島農協,ﾔﾏｸﾞﾁｵｵｼﾏﾉｳｷﾖｳ,山口大島農協,8096,8096
1223,岩国市農協,ｲﾜｸﾆｼﾉｳｷﾖｳ,岩国市農協,8102,8102
1224,山口東農協,ﾔﾏｸﾞﾁﾋｶﾞｼﾉｳｷﾖｳ,山口東農協,8103,8103
1225,南すおう農協,ﾐﾅﾐｽｵｳﾉｳｷﾖｳ,南すおう農協,8118,8118
1226,周南農協,ｼﾕｳﾅﾝﾉｳｷﾖｳ,周南農協,8134,8134
1227,防府とくぢ農協,ﾎｳﾌﾄｸﾁﾞﾉｳｷﾖｳ,防府とくぢ農協,8143,8143
1228,山口中央農協,ﾔﾏｸﾞﾁﾁﾕｳｵｳﾉｳｷﾖｳ,山口中央農協,8153,8153
1229,山口宇部農協,ﾔﾏｸﾞﾁｳﾍﾞﾉｳｷﾖｳ,山口宇部農協,8166,8166
1230,下関農協,ｼﾓﾉｾｷﾉｳｷﾖｳ,下関農協,8181,8181
1231,山口美祢農協,ﾔﾏｸﾞﾁﾐﾈﾉｳｷﾖｳ,山口美祢農協,8197,8197
1232,長門大津農協,ﾅｶﾞﾄｵｵﾂﾉｳｷﾖｳ,長門大津農協,8200,8200
1233,あぶらんど萩農協,ｱﾌﾞﾗﾝﾄﾞﾊｷﾞﾉｳｷﾖｳ,あぶらんど萩農協,8223,8223
1234,徳島市農協,ﾄｸｼﾏｼﾉｳｷﾖｳ,徳島市農協,8231,8231
1235,東とくしま農協,ﾋｶﾞｼﾄｸｼﾏﾉｳｷﾖｳ,東とくしま農協,8234,8234
1236,名西郡農協,ﾐﾖｳｻﾞｲｸﾞﾝﾉｳｷﾖｳ,名西郡農協,8242,8242
1237,板野郡農協,ｲﾀﾉｸﾞﾝﾉｳｷﾖｳ,板野郡農協,8252,8252
1238,徳島北農協,ﾄｸｼﾏｷﾀﾉｳｷﾖｳ,徳島北農協,8257,8257
1239,松茂農協,ﾏﾂｼｹﾞﾉｳｷﾖｳ,松茂農協,8260,8260
1240,大津農協,ｵｵﾂﾉｳｷﾖｳ,大津農協,8261,8261
1241,里浦農協,ｻﾄｳﾗﾉｳｷﾖｳ,里浦農協,8263,8263
1242,阿南農協,ｱﾅﾝﾉｳｷﾖｳ,阿南農協,8268,8268
1243,かいふ農協,ｶｲﾌﾉｳｷﾖｳ,かいふ農協,8288,8288
1244,阿波町農協,ｱﾜﾁﾖｳﾉｳｷﾖｳ,阿波町農協,8296,8296
1245,市場町農協,ｲﾁﾊﾞﾁﾖｳﾉｳｷﾖｳ,市場町農協,8300,8300
1246,阿波郡東部農協,ｱﾜｸﾞﾝﾄｳﾌﾞﾉｳｷﾖｳ,阿波郡東部農協,8301,8301
1247,麻植郡農協,ｵｴｸﾞﾝﾉｳｷﾖｳ,麻植郡農協,8305,8305
1248,美馬農協,ﾐﾏﾉｳｷﾖｳ,美馬農協,8312,8312
1249,阿波みよし農協,ｱﾜﾐﾖｼﾉｳｷﾖｳ,阿波みよし農協,8323,8323
1250,香川県農協,ｶｶﾞﾜｹﾝﾉｳｷﾖｳ,香川県農協,8332,8332
1251,うま農協,ｳﾏﾉｳｷﾖｳ,うま農協,8389,8389
1252,西条市農協,ｻｲｼﾞﾖｳｼﾉｳｷﾖｳ,西条市農協,8395,8395
1253,新居浜市農協,ﾆｲﾊﾏｼﾉｳｷﾖｳ,新居浜市農協,8397,8397
1254,周桑農協,ｼﾕｳｿｳﾉｳｷﾖｳ,周桑農協,8398,8398
1255,越智今治農協,ｵﾁｲﾏﾊﾞﾘﾉｳｷﾖｳ,越智今治農協,8400,8400
1256,今治立花農協,ｲﾏﾊﾞﾘﾀﾁﾊﾞﾅﾉｳｷﾖｳ,今治立花農協,8401,8401
1257,松山市農協,ﾏﾂﾔﾏｼﾉｳｷﾖｳ,松山市農協,8425,8425
1258,愛媛たいき農協,ｴﾋﾒﾀｲｷﾉｳｷﾖｳ,愛媛たいき農協,8457,8457
1259,西宇和農協,ﾆｼｳﾜﾉｳｷﾖｳ,西宇和農協,8463,8463
1260,東宇和農協,ﾋｶﾞｼｳﾜﾉｳｷﾖｳ,東宇和農協,8477,8477
1261,えひめ南農協,ｴﾋﾒﾐﾅﾐﾉｳｷﾖｳ,えひめ南農協,8482,8482
1262,えひめ中央農協,ｴﾋﾒﾁﾕｳｵｳﾉｳｷﾖｳ,えひめ中央農協,8500,8500
1263,馬路村農協,ｳﾏｼﾞﾑﾗﾉｳｷﾖｳ,馬路村農協,8511,8511
1264,土佐あき農協,ﾄｻｱｷﾉｳｷﾖｳ,土佐あき農協,8512,8512
1265,土佐香美農協,ﾄｻｶﾐﾉｳｷﾖｳ,土佐香美農協,8514,8514
1266,南国市農協,ﾅﾝｺﾞｸｼﾉｳｷﾖｳ,南国市農協,8524,8524
1267,長岡農協,ﾅｶﾞｵｶﾉｳｷﾖｳ,長岡農協,8528,8528
1268,十市農協,ﾄｳﾁﾉｳｷﾖｳ,十市農協,8536,8536
1269,土佐れいほく農協,ﾄｻﾚｲﾎｸﾉｳｷﾖｳ,土佐れいほく農協,8544,8544
1270,高知市農協,ｺｳﾁｼﾉｳｷﾖｳ,高知市農協,8551,8551
1271,高知春野農協,ｺｳﾁﾊﾙﾉﾉｳｷﾖｳ,高知春野農協,8559,8559
1272,土佐市農協,ﾄｻｼﾉｳｷﾖｳ,土佐市農協,8575,8575
1273,コスモス農協,ｺｽﾓｽﾉｳｷﾖｳ,コスモス農協,8582,8582
1274,土佐くろしお農協,ﾄｻｸﾛｼｵﾉｳｷﾖｳ,土佐くろしお農協,8589,8589
1275,津野山農協,ﾂﾉﾔﾏﾉｳｷﾖｳ,津野山農協,8592,8592
1276,四万十農協,ｼﾏﾝﾄﾉｳｷﾖｳ,四万十農協,8593,8593
1277,高知はた農協,ｺｳﾁﾊﾀﾉｳｷﾖｳ,高知はた農協,8610,8610
1278,宗像農協,ﾑﾅｶﾀﾉｳｷﾖｳ,宗像農協,8621,8621
1279,粕屋農協,ｶｽﾔﾉｳｷﾖｳ,粕屋農協,8626,8626
1280,福岡市東部農協,ﾌｸｵｶｼﾄｳﾌﾞﾉｳｷﾖｳ,福岡市東部農協,8632,8632
1281,福岡市農協,ﾌｸｵｶｼﾉｳｷﾖｳ,福岡市農協,8633,8633
1282,糸島農協,ｲﾄｼﾏﾉｳｷﾖｳ,糸島農協,8635,8635
1283,筑紫農協,ﾁｸｼﾉｳｷﾖｳ,筑紫農協,8636,8636
1284,筑前あさくら農協,ﾁｸｾﾞﾝｱｻｸﾗﾉｳｷﾖｳ,筑前あさくら農協,8645,8645
1285,にじ農協,ﾆｼﾞﾉｳｷﾖｳ,にじ農協,8653,8653
1286,みい農協,ﾐｲﾉｳｷﾖｳ,みい農協,8656,8656
1287,久留米市農協,ｸﾙﾒｼﾉｳｷﾖｳ,久留米市農協,8660,8660
1288,三潴町農協,ﾐｽﾞﾏﾏﾁﾉｳｷﾖｳ,三潴町農協,8664,8664
1289,福岡大城農協,ﾌｸｵｶｵｵｷﾉｳｷﾖｳ,福岡大城農協,8667,8667
1290,福岡八女農協,ﾌｸｵｶﾔﾒﾉｳｷﾖｳ,福岡八女農協,8668,8668
1291,柳川農協,ﾔﾅｶﾞﾜﾉｳｷﾖｳ,柳川農協,8680,8680
1292,南筑後農協,ﾐﾅﾐﾁｸｺﾞﾉｳｷﾖｳ,南筑後農協,8689,8689
1293,北九州農協,ｷﾀｷﾕｳｼﾕｳﾉｳｷﾖｳ,北九州農協,8692,8692
1294,直鞍農協,ﾁﾖｸｱﾝﾉｳｷﾖｳ,直鞍農協,8694,8694
1295,福岡嘉穂農協,ﾌｸｵｶｶﾎﾉｳｷﾖｳ,福岡嘉穂農協,8701,8701
1296,田川農協,ﾀｶﾞﾜﾉｳｷﾖｳ,田川農協,8715,8715
1297,福岡京築農協,ﾌｸｵｶｹｲﾁｸﾉｳｷﾖｳ,福岡京築農協,8730,8730
1298,佐賀市中央農協,ｻｶﾞｼﾁﾕｳｵｳﾉｳｷﾖｳ,佐賀市中央農協,8740,8740
1299,佐賀県農協,ｻｶﾞｹﾝﾉｳｷﾖｳ,佐賀県農協,8762,8762
1300,唐津農協,ｶﾗﾂﾉｳｷﾖｳ,唐津農協,8766,8766
1301,伊万里市農協,ｲﾏﾘｼﾉｳｷﾖｳ,伊万里市農協,8771,8771
1302,長崎西彼農協,ﾅｶﾞｻｷｾｲﾋﾉｳｷﾖｳ,長崎西彼農協,8794,8794
1303,長崎県央農協,ﾅｶﾞｻｷｹﾝｵｳﾉｳｷﾖｳ,長崎県央農協,8813,8813
1304,島原雲仙農協,ｼﾏﾊﾞﾗｳﾝｾﾞﾝﾉｳｷﾖｳ,島原雲仙農協,8829,8829
1305,ながさき西海農協,ﾅｶﾞｻｷｻｲｶｲﾉｳｷﾖｳ,ながさき西海農協,8857,8857
1306,ごとう農協,ｺﾞﾄｳﾉｳｷﾖｳ,ごとう農協,8893,8893
1307,壱岐市農協,ｲｷｼﾉｳｷﾖｳ,壱岐市農協,8905,8905
1308,対馬農協,ﾂｼﾏﾉｳｷﾖｳ,対馬農協,8906,8906
1309,熊本市農協,ｸﾏﾓﾄｼﾉｳｷﾖｳ,熊本市農協,8916,8916
1310,玉名農協,ﾀﾏﾅﾉｳｷﾖｳ,玉名農協,8926,8926
1311,玉名市大浜町農協,ﾀﾏﾅｼｵｵﾊﾏﾏﾁﾉｳｷﾖｳ,玉名市大浜町農協,8934,8934
1312,鹿本農協,ｶﾓﾄﾉｳｷﾖｳ,鹿本農協,8941,8941
1313,菊池地域農協,ｷｸﾁﾁｲｷﾉｳｷﾖｳ,菊池地域農協,8949,8949
1314,阿蘇農協,ｱｿﾉｳｷﾖｳ,阿蘇農協,8964,8964
1315,上益城農協,ｶﾐﾏｼｷﾉｳｷﾖｳ,上益城農協,8982,8982
1316,熊本宇城農協,ｸﾏﾓﾄｳｷﾉｳｷﾖｳ,熊本宇城農協,9010,9010
1317,八代地域農協,ﾔﾂｼﾛﾁｲｷﾉｳｷﾖｳ,八代地域農協,9017,9017
1318,あしきた農協,ｱｼｷﾀﾉｳｷﾖｳ,あしきた農協,9043,9043
1319,球磨地域農協,ｸﾏﾁｲｷﾉｳｷﾖｳ,球磨地域農協,9048,9048
1320,本渡五和農協,ﾎﾝﾄﾞｲﾂﾜﾉｳｷﾖｳ,本渡五和農協,9069,9069
1321,あまくさ農協,ｱﾏｸｻﾉｳｷﾖｳ,あまくさ農協,9070,9070
1322,苓北町農協,ﾚｲﾎｸﾏﾁﾉｳｷﾖｳ,苓北町農協,9072,9072
1323,べっぷ日出農協,ﾍﾞﾂﾌﾟﾋｼﾞﾉｳｷﾖｳ,べっぷ日出農協,9103,9103
1324,大分県農協,ｵｵｲﾀｹﾝﾉｳｷﾖｳ,大分県農協,9104,9104
1325,玖珠九重農協,ｸｽｺｺﾉｴﾉｳｷﾖｳ,玖珠九重農協,9137,9137
1326,九重町飯田農協,ｺｺﾉｴﾏﾁﾊﾝﾀﾞﾉｳｷﾖｳ,九重町飯田農協,9140,9140
1327,大分大山町農協,ｵｵｲﾀｵｵﾔﾏﾏﾁﾉｳｷﾖｳ,大分大山町農協,9145,9145
1328,下郷農協,ｼﾓｺﾞｳﾉｳｷﾖｳ,下郷農協,9152,9152
1329,宮崎中央農協,ﾐﾔｻﾞｷﾁﾕｳｵｳﾉｳｷﾖｳ,宮崎中央農協,9169,9169
1330,綾町農協,ｱﾔﾁﾖｳﾉｳｷﾖｳ,綾町農協,9177,9177
1331,はまゆう農協,ﾊﾏﾕｳﾉｳｷﾖｳ,はまゆう農協,9178,9178
1332,串間市大束農協,ｸｼﾏｼｵｵﾂｶﾉｳｷﾖｳ,串間市大束農協,9181,9181
1333,都城農協,ﾐﾔｺﾉｼﾞﾖｳﾉｳｷﾖｳ,都城農協,9184,9184
1334,こばやし農協,ｺﾊﾞﾔｼﾉｳｷﾖｳ,こばやし農協,9193,9193
1335,えびの市農協,ｴﾋﾞﾉｼﾉｳｷﾖｳ,えびの市農協,9197,9197
1336,児湯農協,ｺﾕﾉｳｷﾖｳ,児湯農協,9200,9200
1337,尾鈴農協,ｵｽｽﾞﾉｳｷﾖｳ,尾鈴農協,9203,9203
1338,西都農協,ｻｲﾄﾉｳｷﾖｳ,西都農協,9205,9205
1339,延岡農協,ﾉﾍﾞｵｶﾉｳｷﾖｳ,延岡農協,9208,9208
1340,日向農協,ﾋﾕｳｶﾞﾉｳｷﾖｳ,日向農協,9213,9213
1341,高千穂地区農協,ﾀｶﾁﾎﾁｸﾉｳｷﾖｳ,高千穂地区農協,9221,9221
1342,かごしま中央農協,ｶｺﾞｼﾏﾁﾕｳｵｳﾉｳｷﾖｳ,かごしま中央農協,9229,9229
1343,グリーン鹿児島農協,ｸﾞﾘ-ﾝｶｺﾞｼﾏﾉｳｷﾖｳ,グリーン鹿児島農協,9234,9234
1344,東部農協,ﾄｳﾌﾞﾉｳｷﾖｳ,東部農協,9240,9240
1345,いぶすき農協,ｲﾌﾞｽｷﾉｳｷﾖｳ,いぶすき農協,9251,9251
1346,南さつま農協,ﾐﾅﾐｻﾂﾏﾉｳｷﾖｳ,南さつま農協,9257,9257
1347,さつま日置農協,ｻﾂﾏﾋｵｷﾉｳｷﾖｳ,さつま日置農協,9270,9270
1348,北さつま農協,ｷﾀｻﾂﾏﾉｳｷﾖｳ,北さつま農協,9296,9296
1349,鹿児島いずみ農協,ｶｺﾞｼﾏｲｽﾞﾐﾉｳｷﾖｳ,鹿児島いずみ農協,9302,9302
1350,あいら農協,ｱｲﾗﾉｳｷﾖｳ,あいら農協,9319,9319
1351,そお鹿児島農協,ｿｵｶｺﾞｼﾏﾉｳｷﾖｳ,そお鹿児島農協,9332,9332
1352,あおぞら農協,ｱｵｿﾞﾗﾉｳｷﾖｳ,あおぞら農協,9338,9338
1353,鹿児島きもつき農協,ｶｺﾞｼﾏｷﾓﾂｷﾉｳｷﾖｳ,鹿児島きもつき農協,9341,9341
1354,肝付吾平町農協,ｷﾓﾂｷｱｲﾗﾁﾖｳﾉｳｷﾖｳ,肝付吾平町農協,9347,9347
1355,種子屋久農協,ﾀﾈﾔｸﾉｳｷﾖｳ,種子屋久農協,9353,9353
1356,あまみ農協,ｱﾏﾐﾉｳｷﾖｳ,あまみ農協,9363,9363
1357,沖縄県農協,ｵｷﾅﾜｹﾝﾉｳｷﾖｳ,沖縄県農協,9375,9375
1358,北海道信漁連,ﾎﾂｶｲﾄﾞｳｼﾝｷﾞﾖﾚﾝ,北海道信漁連,9450,9450
1359,青森県信漁連,ｱｵﾓﾘｹﾝｼﾝｷﾞﾖﾚﾝ,青森県信漁連,9451,9451
1360,岩手県信漁連,ｲﾜﾃｹﾝｼﾝｷﾞﾖﾚﾝ,岩手県信漁連,9452,9452
1361,宮城県漁協,ﾐﾔｷﾞｹﾝｷﾞﾖｷﾖｳ,宮城県漁協,9453,9453
1362,福島県信漁連,ﾌｸｼﾏｹﾝｼﾝｷﾞﾖﾚﾝ,福島県信漁連,9456,9456
1363,茨城県信漁連,ｲﾊﾞﾗｷｹﾝｼﾝｷﾞﾖﾚﾝ,茨城県信漁連,9457,9457
1364,千葉県信漁連,ﾁﾊﾞｹﾝｼﾝｷﾞﾖﾚﾝ,千葉県信漁連,9461,9461
1365,東京都信漁連,ﾄｳｷﾖｳﾄｼﾝｷﾞﾖﾚﾝ,東京都信漁連,9462,9462
1366,神奈川県信漁連,ｶﾅｶﾞﾜｹﾝｼﾝｷﾞﾖﾚﾝ,神奈川県信漁連,9463,9463
1367,新潟県信漁連,ﾆｲｶﾞﾀｹﾝｼﾝｷﾞﾖﾚﾝ,新潟県信漁連,9466,9466
1368,富山県信漁連,ﾄﾔﾏｹﾝｼﾝｷﾞﾖﾚﾝ,富山県信漁連,9467,9467
1369,石川県信漁連,ｲｼｶﾜｹﾝｼﾝｷﾞﾖﾚﾝ,石川県信漁連,9468,9468
1370,静岡県信漁連,ｼｽﾞｵｶｹﾝｼﾝｷﾞﾖﾚﾝ,静岡県信漁連,9470,9470
1371,愛知県信漁連,ｱｲﾁｹﾝｼﾝｷﾞﾖﾚﾝ,愛知県信漁連,9471,9471
1372,三重県信漁連,ﾐｴｹﾝｼﾝｷﾞﾖﾚﾝ,三重県信漁連,9472,9472
1373,福井県信漁連,ﾌｸｲｹﾝｼﾝｷﾞﾖﾚﾝ,福井県信漁連,9473,9473
1374,京都府信漁連,ｷﾖｳﾄﾌｼﾝｷﾞﾖﾚﾝ,京都府信漁連,9475,9475
1375,兵庫県信漁連,ﾋﾖｳｺﾞｹﾝｼﾝｷﾞﾖﾚﾝ,兵庫県信漁連,9477,9477
1376,和歌山県信漁連,ﾜｶﾔﾏｹﾝｼﾝｷﾞﾖﾚﾝ,和歌山県信漁連,9479,9479
1377,鳥取県信漁連,ﾄﾂﾄﾘｹﾝｼﾝｷﾞﾖﾚﾝ,鳥取県信漁連,9480,9480
1378,ＪＦしまね漁協,ｼﾞｪｲｴﾌｼﾏﾈｷﾞﾖｷﾖｳ,ＪＦしまね漁協,9481,9481
1379,広島県信漁連,ﾋﾛｼﾏｹﾝｼﾝｷﾞﾖﾚﾝ,広島県信漁連,9483,9483
1380,山口県漁協,ﾔﾏｸﾞﾁｹﾝｷﾞﾖｷﾖｳ,山口県漁協,9484,9484
1381,徳島県信漁連,ﾄｸｼﾏｹﾝｼﾝｷﾞﾖﾚﾝ,徳島県信漁連,9485,9485
1382,香川県信漁連,ｶｶﾞﾜｹﾝｼﾝｷﾞﾖﾚﾝ,香川県信漁連,9486,9486
1383,愛媛県信漁連,ｴﾋﾒｹﾝｼﾝｷﾞﾖﾚﾝ,愛媛県信漁連,9487,9487
1384,高知県信漁連,ｺｳﾁｹﾝｼﾝｷﾞﾖﾚﾝ,高知県信漁連,9488,9488
1385,福岡県信漁連,ﾌｸｵｶｹﾝｼﾝｷﾞﾖﾚﾝ,福岡県信漁連,9489,9489
1386,佐賀県信漁連,ｻｶﾞｹﾝｼﾝｷﾞﾖﾚﾝ,佐賀県信漁連,9490,9490
1387,長崎県信漁連,ﾅｶﾞｻｷｹﾝｼﾝｷﾞﾖﾚﾝ,長崎県信漁連,9491,9491
1388,大分県漁協,ｵｵｲﾀｹﾝｷﾞﾖｷﾖｳ,大分県漁協,9493,9493
1389,宮崎県信漁連,ﾐﾔｻﾞｷｹﾝｼﾝｷﾞﾖﾚﾝ,宮崎県信漁連,9494,9494
1390,鹿児島県信漁連,ｶｺﾞｼﾏｹﾝｼﾝｷﾞﾖﾚﾝ,鹿児島県信漁連,9495,9495
1391,沖縄県信漁連,ｵｷﾅﾜｹﾝｼﾝｷﾞﾖﾚﾝ,沖縄県信漁連,9496,9496
1392,ゆうちょ,ﾕｳﾁﾖ,ゆうちょ銀行,9900,9900
1393,テスト,ﾃｽﾄ,,9999,9999
1394,みんなの,ﾐﾝﾅﾉ,みんなの銀行,43,0043